timestamp,index,target_posx,target_posy,current_posx,current_posy,Vx,Vy
1.76543e+09,1,-1.18864,2.94831,-1.15,2.95,0.139235,-0.00205905
1.76543e+09,2,-1.18896,2.94313,-1.1,2.95,0.321139,0.00615823
1.76543e+09,3,-1.18156,2.94423,-1.05,2.95,0.474,-0.00737617
1.76543e+09,4,-1.15992,2.94721,-1,2.95,0.575297,-0.0238306
1.76543e+09,5,-1.12066,2.95444,-0.95,2.95,0.612423,-0.051511
1.76543e+09,6,-1.0695,2.96294,-0.9,2.95,0.606417,-0.0823462
1.76543e+09,7,-1.01139,2.96391,-0.85,2.95,0.577197,-0.0831491
1.76543e+09,8,-0.952255,2.96378,-0.8,2.95,0.544354,-0.0810869
1.76543e+09,9,-0.891164,2.9629,-0.75,2.95,0.504801,-0.0747709
1.76543e+09,10,-0.833497,2.95926,-0.7,2.95,0.477827,-0.0613188
1.76543e+09,11,-0.781137,2.96457,-0.65,2.95,0.468286,-0.0795972
1.76543e+09,12,-0.736822,2.9604,-0.6,2.95,0.489605,-0.0656052
1.76543e+09,13,-0.680591,2.95157,-0.55,2.95,0.46901,-0.0329329
1.76543e+09,14,-0.636067,2.95283,-0.5,2.95,0.488423,-0.0386118
1.76543e+09,15,-0.587988,2.94574,-0.45,2.95,0.496823,-0.0131194
1.76543e+09,16,-0.541161,2.94317,-0.4,2.95,0.508762,-0.00366889
1.76543e+09,17,-0.492562,2.94387,-0.35,2.95,0.513651,-0.0070008
1.76543e+09,18,-0.443645,2.95423,-0.3,2.95,0.515408,-0.0447683
1.76543e+09,19,-0.393324,2.95658,-0.25,2.95,0.513788,-0.0529771
1.76543e+09,20,-0.341945,2.96217,-0.2,2.95,0.507729,-0.072498
1.76543e+09,21,-0.290655,2.96936,-0.15,2.95,0.501593,-0.098291
1.76543e+09,22,-0.241475,2.96117,-0.0999997,2.95,0.506168,-0.0693544
1.76543e+09,23,-0.195534,2.95277,-0.0999997,2.9,0.332422,-0.209434
1.76543e+09,24,-0.142364,2.95124,-0.0999997,2.85,0.1312,-0.37267
1.76543e+09,25,-0.101664,2.94775,-0.0999997,2.8,-0.0263835,-0.531265
1.76543e+09,26,-0.0915177,2.94678,-0.0999997,2.75,-0.0735091,-0.705245
1.76543e+09,27,-0.0963971,2.9441,-0.0999997,2.7,-0.065787,-0.876385
1.76543e+09,28,-0.0891994,2.94836,-0.0999997,2.65,-0.0960306,-0.995378
1.76543e+09,29,-0.0935664,2.95247,-0.0999997,2.6,-0.077556,-0.996988
1.76543e+09,30,-0.0937582,2.95157,-0.0999997,2.55,-0.0749695,-0.997186
1.76543e+09,31,-0.0965004,2.94623,-0.0999997,2.5,-0.0671174,-0.997745
1.76543e+09,32,-0.0931496,2.94915,-0.0999997,2.45,-0.0736234,-0.997286
1.76543e+09,33,-0.0921707,2.94685,-0.0999997,2.4,-0.0752457,-0.997165
1.76543e+09,34,-0.0909221,2.94752,-0.0999997,2.35,-0.0771683,-0.997018
1.76543e+09,35,-0.0939563,2.94517,-0.0999997,2.3,-0.0726846,-0.997355
1.76543e+09,36,-0.096894,2.94452,-0.0999997,2.25,-0.0679304,-0.99769
1.76543e+09,37,-0.0961313,2.94402,-0.0999997,2.2,-0.068578,-0.997646
1.76543e+09,38,-0.0960369,2.94229,-0.0999997,2.15,-0.0709434,-0.99748
1.76543e+09,39,-0.0885092,2.93327,-0.0999997,2.1,-0.0889187,-0.996039
1.76543e+09,40,-0.0836471,2.90744,-0.0999997,2.05,-0.0985293,-0.995134
1.76543e+09,41,-0.0918026,2.87427,-0.0999997,2,-0.0923037,-0.995731
1.76543e+09,42,-0.0763435,2.59789,-0.0999997,1.95,0,-0
1.76543e+09,43,-0.0786259,2.59709,-0.0999997,1.9,-0.0436973,-0.999045
1.76543e+09,44,-0.0684996,2.59836,-0.0999997,1.85,-0.0562534,-0.998417
1.76543e+09,45,-0.0759683,2.60225,-0.0999997,1.8,-0.0473773,-0.998877
1.76543e+09,46,-0.0701306,2.60321,-0.0999997,1.75,-0.0533928,-0.998574
1.76543e+09,47,-0.077612,2.5996,-0.0999997,1.7,-0.0434889,-0.999054
1.76543e+09,48,-0.074145,2.60096,-0.0999997,1.65,-0.0462544,-0.99893
1.76543e+09,49,-0.077345,2.60038,-0.0999997,1.6,-0.0397077,-0.999211
1.76543e+09,50,-0.0772811,2.59831,-0.0999997,1.55,-0.0359688,-0.999353
1.76543e+09,51,-0.0712684,2.59778,-0.0999997,1.5,-0.0401077,-0.999195
1.76543e+09,52,-0.0749507,2.60296,-0.0999997,1.45,-0.0340018,-0.999422
1.76543e+09,53,-0.0751132,2.58006,-0.0999997,1.4,-0.0323325,-0.999477
1.76543e+09,54,-0.0707472,2.54486,-0.0999997,1.35,-0.0369426,-0.999317
1.76543e+09,55,-0.0672064,2.4932,-0.0999997,1.3,-0.0392104,-0.999231
1.76543e+09,56,-0.0673468,2.42854,-0.0999997,1.25,-0.0392167,-0.999231
1.76543e+09,57,-0.0710339,2.34369,-0.0999997,1.2,-0.0346211,-0.9994
1.76543e+09,58,-0.0733819,2.24484,-0.0999997,1.15,-0.0319917,-0.999488
1.76543e+09,59,-0.0659952,2.15073,-0.0999997,1.1,-0.0421698,-0.99911
1.76543e+09,60,-0.0714957,2.0532,-0.0999997,1.05,-0.0368862,-0.999319
1.76543e+09,61,-0.0672348,1.95228,-0.0999997,1,-0.0431094,-0.99907
1.76543e+09,62,-0.0608304,1.85255,-0.0999997,0.95,-0.0528281,-0.998604
1.76543e+09,63,-0.0632076,1.75144,-0.0999997,0.9,-0.0522405,-0.998635
1.76543e+09,64,-0.0641502,1.65283,-0.0999997,0.85,-0.0546514,-0.998505
1.76543e+09,65,-0.061619,1.54987,-0.0999997,0.8,-0.061028,-0.998136
1.76543e+09,66,-0.0639766,1.44973,-0.0999997,0.75,-0.0601462,-0.99819
1.76543e+09,67,-0.0603919,1.35273,-0.0999997,0.7,-0.0681876,-0.997672
1.76543e+09,68,-0.061443,1.25421,-0.0999997,0.65,-0.0708954,-0.997484
1.76543e+09,69,-0.0647604,1.15155,-0.0999997,0.6,-0.0714299,-0.997446
1.76543e+09,70,-0.0711103,1.05137,-0.0999997,0.55,-0.064112,-0.997943
1.76543e+09,71,-0.0779682,0.946836,-0.0999997,0.5,-0.0555078,-0.998458
1.76543e+09,72,-0.0753824,0.851737,-0.0999997,0.45,-0.0673484,-0.99773
1.76543e+09,73,-0.0715854,0.744606,-0.0999997,0.4,-0.0880404,-0.996117
1.76543e+09,74,-0.0745532,0.649114,-0.0999997,0.35,-0.0893781,-0.995998
1.76543e+09,75,-0.0761259,0.548026,-0.0999997,0.3,-0.0908412,-0.892408
1.76543e+09,76,-0.0800924,0.442937,-0.0999997,0.25,-0.0742603,-0.694299
1.76543e+09,77,-0.0940355,0.335439,-0.0999997,0.2,-0.0271507,-0.487296
1.76543e+09,82,-0.101968,0.262937,-0.0999997,0.15,-0.00221157,-0.0797834
1.76543e+09,82,-0.103974,0.207807,-0.0999997,0.1,-0.000532414,-0.0763071
1.76543e+09,82,-0.10226,0.165082,-0.0999997,0.0500001,-0.00191805,-0.0812452
1.76543e+09,82,-0.100789,0.157391,-0.0999997,8.86619e-08,-0.0030992,-0.110009
1.76543e+09,82,-0.100336,0.164942,-0.0999997,-0.0499999,-0.00335246,-0.149148
1.76543e+09,82,-0.0989421,0.166511,-0.0999997,-0.0499999,-0.00435954,-0.150209
1.76543e+09,82,-0.100321,0.16095,-0.0999997,-0.0499999,-0.00332852,-0.146434
1.76543e+09,82,-0.0953015,0.158997,-0.0999997,-0.0499999,-0.00691169,-0.145085
1.76543e+09,82,-0.101212,0.158797,-0.0999997,-0.0499999,-0.00275857,-0.144971
1.76543e+09,82,-0.0926893,0.158626,-0.0999997,-0.0499999,-0.00779294,-0.144875
1.76543e+09,82,-0.100331,0.134135,-0.0999997,-0.0499999,-0.0032487,-0.1282
1.76543e+09,82,-0.0994298,0.125994,-0.0999997,-0.0499999,-0.00351463,-0.122673
1.76543e+09,82,-0.0979347,0.11471,-0.0999997,-0.0499999,-0.00461375,-0.114995
1.76543e+09,82,-0.0942964,0.0989653,-0.0999997,-0.0499999,-0.0070669,-0.104284
1.76543e+09,82,-0.0998396,0.0864886,-0.0999997,-0.0499999,-0.00329387,-0.095806
1.76543e+09,82,-0.10365,0.0765324,-0.0999997,-0.0499999,-0.000598604,-0.0890413
1.76543e+09,82,-0.100741,0.0679481,-0.0999997,-0.0499999,-0.00260097,-0.0832007
1.76543e+09,82,-0.104197,0.0700985,-0.0999997,-0.0499999,-7.50719e-05,-0.0846669
1.76543e+09,82,-0.101552,0.0734928,-0.0999997,-0.0499999,-0.0018143,-0.0869765
1.76543e+09,82,-0.100427,0.0705121,-0.0999997,-0.0499999,-0.0027129,-0.084946
1.76543e+09,82,-0.0984485,0.0759398,-0.0999997,-0.0499999,-0.00391808,-0.0886427
1.76543e+09,82,-0.097578,0.0634106,-0.0999997,-0.0499999,-0.00465234,-0.0801166
1.76543e+09,82,-0.101121,0.0461106,-0.0999997,-0.0499999,-0.00224649,-0.0683534
1.76543e+09,82,-0.0944819,0.0488856,-0.0999997,-0.0499999,-0.00687216,-0.0702292
1.76543e+09,82,-0.0954344,0.0403518,-0.0999997,-0.0499999,-0.00617961,-0.064432
1.76543e+09,82,-0.0960548,0.040206,-0.0999997,-0.0499999,-0.00581783,-0.0643279
1.76543e+09,82,-0.10533,0.0327714,-0.0999997,-0.0499999,0.00060658,-0.059285
1.76543e+09,82,-0.101728,0.0290385,-0.0999997,-0.0499999,-0.00186148,-0.0567436
1.76543e+09,82,-0.09769,0.0235189,-0.0999997,-0.0499999,-0.00463201,-0.052985
1.76543e+09,82,-0.0954741,0.0263195,-0.0999997,-0.0499999,-0.00613191,-0.054891
1.76543e+09,82,-0.102285,0.0258202,-0.0999997,-0.0499999,-0.00147919,-0.0545564
1.76543e+09,82,-0.103029,0.0221773,-0.0999997,-0.0499999,-0.000957425,-0.0520796
1.76543e+09,82,-0.0997118,0.0168999,-0.0999997,-0.0499999,-0.00314921,-0.0484928
1.76543e+09,82,-0.103007,0.0153027,-0.0999997,-0.0499999,-0.000891678,-0.0474061
1.76543e+09,82,-0.100416,0.0143219,-0.0999997,-0.0499999,-0.00266495,-0.0467388
1.76543e+09,82,-0.100727,0.0168773,-0.0999997,-0.0499999,-0.00245974,-0.048476
1.76543e+09,82,-0.108347,0.0161912,-0.0999997,-0.0499999,0.0028121,-0.0480082
1.76543e+09,82,-0.109351,0.0125707,-0.0999997,-0.0499999,0.00351138,-0.0455488
1.76543e+09,82,-0.103056,0.0146924,-0.0999997,-0.0499999,-0.000726447,-0.046991
1.76543e+09,82,-0.100808,0.013923,-0.0999997,-0.0499999,-0.00225144,-0.0464682
1.76543e+09,82,-0.101419,0.0136664,-0.0999997,-0.0499999,-0.00181025,-0.0462943
1.76543e+09,82,-0.0995773,0.0183375,-0.0999997,-0.0499999,-0.00304953,-0.0494723
1.76543e+09,82,-0.0968263,0.0216866,-0.0999997,-0.0499999,-0.00495735,-0.0517495
1.76543e+09,82,-0.10249,0.0151108,-0.0999997,-0.0499999,-0.00115893,-0.0472743
1.76543e+09,82,-0.0977012,0.0138411,-0.0999997,-0.0499999,-0.00444219,-0.0464068
1.76543e+09,82,-0.0986631,0.0163007,-0.0999997,-0.0499999,-0.00380358,-0.0480797
1.76543e+09,82,-0.101593,0.012419,-0.0999997,-0.0499999,-0.00173701,-0.045445
1.76543e+09,82,-0.106611,0.00652525,-0.0999997,-0.0499999,0.00172962,-0.0414363
1.76543e+09,82,-0.106412,0.00452915,-0.0999997,-0.0499999,0.0015993,-0.0400804
1.76543e+09,82,-0.103211,-0.00114074,-0.0999997,-0.0499999,-0.000528746,-0.0362244
1.76543e+09,82,-0.102993,-0.00392446,-0.0999997,-0.0499999,-0.000668492,-0.0343314
1.76543e+09,82,-0.101062,-0.0128098,-0.0999997,-0.0499999,-0.00199564,-0.0282882
1.76543e+09,82,-0.0997337,-0.0081881,-0.0999997,-0.0499999,-0.0029156,-0.0314292
1.76543e+09,82,-0.100138,-0.00776976,-0.0999997,-0.0499999,-0.00259952,-0.0317173
1.76543e+09,82,-0.101733,-0.00667015,-0.0999997,-0.0499999,-0.00150685,-0.0324646
1.76543e+09,82,-0.0994001,-0.00319585,-0.0999997,-0.0499999,-0.00312887,-0.0348246
1.76543e+09,82,-0.101682,-0.0118976,-0.0999997,-0.0499999,-0.00155935,-0.0289087
1.76543e+09,82,-0.0995487,-0.00943178,-0.0999997,-0.0499999,-0.00302132,-0.0305838
1.76543e+09,82,-0.10464,-0.0118123,-0.0999997,-0.0499999,0.000483546,-0.0289677
1.76543e+09,82,-0.0995754,-0.0182089,-0.0999997,-0.0499999,-0.00296279,-0.0246167
1.76543e+09,82,-0.0956391,-0.0181049,-0.0999997,-0.0499999,-0.00567249,-0.0246847
1.76543e+09,82,-0.0993104,-0.0201012,-0.0999997,-0.0499999,-0.00317684,-0.0233293
1.76543e+09,82,-0.0979834,-0.0145698,-0.0999997,-0.0499999,-0.00409611,-0.0270896
1.76543e+09,82,-0.103585,-0.0174444,-0.0999997,-0.0499999,-0.000180812,-0.0251383
1.76543e+09,82,-0.100782,-0.0240969,-0.0999997,-0.0499999,-0.00211733,-0.0206172
1.76543e+09,82,-0.102888,-0.0219564,-0.0999997,-0.0499999,-0.000645905,-0.0220712
1.76543e+09,82,-0.10627,-0.0235956,-0.0999997,-0.0499999,0.00168836,-0.020951
1.76543e+09,82,-0.100975,-0.0227298,-0.0999997,-0.0499999,-0.00190929,-0.0215479
1.76543e+09,82,-0.102837,-0.0246202,-0.0999997,-0.0499999,-0.000622696,-0.0202598
1.76543e+09,82,-0.103594,-0.0253091,-0.0999997,-0.0499999,-9.82893e-05,-0.01979
1.76543e+09,82,-0.102866,-0.0264941,-0.0999997,-0.0499999,-0.000570941,-0.0189853
1.76543e+09,82,-0.0988447,-0.026375,-0.0999997,-0.0499999,-0.00330743,-0.0190734
1.76543e+09,82,-0.099202,-0.0216734,-0.0999997,-0.0499999,-0.00304247,-0.0222725
1.76543e+09,82,-0.0947812,-0.0229761,-0.0999997,-0.0499999,-0.00607576,-0.0213989
1.76543e+09,82,-0.0989536,-0.0257773,-0.0999997,-0.0499999,-0.00325042,-0.0194838
1.76543e+09,82,-0.0997839,-0.0238379,-0.0999997,-0.0499999,-0.00268105,-0.0208007
1.76543e+09,82,-0.100532,-0.0220259,-0.0999997,-0.0499999,-0.002185,-0.0220287
1.76543e+09,82,-0.104436,-0.0259491,-0.0999997,-0.0499999,0.00046558,-0.0193538
1.76543e+09,82,-0.105597,-0.0275805,-0.0999997,-0.0499999,0.00128462,-0.0182432
1.76543e+09,82,-0.105579,-0.0246854,-0.0999997,-0.0499999,0.00130747,-0.0202119
1.76543e+09,82,-0.0989997,-0.0273695,-0.0999997,-0.0499999,-0.00316434,-0.0183955
1.76543e+09,82,-0.100594,-0.0239562,-0.0999997,-0.0499999,-0.00206703,-0.0207146
1.76543e+09,82,-0.104286,-0.025436,-0.0999997,-0.0499999,0.000452683,-0.0197027
1.76543e+09,82,-0.102119,-0.0297619,-0.0999997,-0.0499999,0,0
1.76543e+09,82,-0.102419,-0.0289108,-0.0999997,-0.0499999,-0.000781436,-0.0173425
1.76543e+09,82,-0.101404,-0.0276839,-0.0999997,-0.0499999,-0.00144627,-0.0181795
1.76543e+09,82,-0.0975294,-0.029642,-0.0999997,-0.0499999,-0.00411386,-0.016853
1.76543e+09,82,-0.0959435,-0.0290976,-0.0999997,-0.0499999,-0.00520124,-0.0172302
1.76543e+09,82,-0.102192,-0.0286621,-0.0999997,-0.0499999,0,0
1.76543e+09,82,-0.0957227,-0.0290585,-0.0999997,-0.0499999,-0.00532337,-0.0172698
1.76543e+09,82,-0.100218,-0.0285965,-0.0999997,-0.0499999,-0.00226883,-0.0175663
1.76543e+09,82,-0.0988787,-0.0264036,-0.0999997,-0.0499999,-0.00318541,-0.0190612
1.76543e+09,82,-0.0979075,-0.0284227,-0.0999997,-0.0499999,-0.00387178,-0.01769
1.76543e+09,82,-0.102562,-0.0290711,-0.0999997,-0.0499999,-0.000714538,-0.017234
timestamp,index,target_posx,target_posy,current_posx,current_posy,Vx,Vy
1.76543e+09,1,-0.101268,-0.0335453,-0.0999997,8.86619e-08,0.00431579,0.120773
1.76543e+09,2,-0.10363,-0.0349379,-0.0999997,0.0500001,0.012448,0.305803
1.76543e+09,3,-0.100013,-0.0311953,-0.0999997,0.1,-0.000700151,0.472303
1.76543e+09,4,-0.102831,-0.0355051,-0.0999997,0.15,0.00848144,0.667843
1.76543e+09,5,-0.108015,-0.0363135,-0.0999997,0.2,0.0240822,0.850878
1.76543e+09,6,-0.10421,-0.033399,-0.0999997,0.25,0.0046338,0.999989
1.76543e+09,7,-0.10102,-0.0323539,-0.0999997,0.3,-0.0127217,0.999919
1.76543e+09,8,-0.0963778,-0.0312566,-0.0999997,0.35,-0.0280828,0.999606
1.76543e+09,9,-0.0956962,-0.0298927,-0.0999997,0.4,-0.0303752,0.999539
1.76543e+09,10,-0.09541,-0.031206,-0.0999997,0.45,-0.0304729,0.999536
1.76543e+09,11,-0.0981847,-0.015046,-0.0999997,0.5,-0.0249533,0.999689
1.76543e+09,12,-0.10082,0.0171173,-0.0999997,0.55,-0.0216574,0.999765
1.76543e+09,13,-0.102228,0.0619638,-0.0999997,0.6,-0.020523,0.999789
1.76543e+09,14,-0.100988,0.127214,-0.0999997,0.65,-0.0235132,0.999724
1.76543e+09,15,-0.101071,0.204152,-0.0999997,0.7,-0.0256901,0.99967
1.76543e+09,16,-0.109041,0.298972,-0.0999997,0.75,-0.00990908,0.999951
1.76543e+09,17,-0.105544,0.403195,-0.0999997,0.8,-0.0151181,0.999886
1.76543e+09,18,-0.108723,0.514928,-0.0999997,0.85,-0.00721166,0.999974
1.76543e+09,19,-0.0991682,0.620608,-0.0999997,0.9,-0.030927,0.999522
1.76543e+09,20,-0.105335,0.717226,-0.0999997,0.95,-0.00623952,0.838183
1.76543e+09,21,-0.106067,0.813449,-0.0999997,1,0.00204039,0.671935
1.76543e+09,22,-0.111848,0.918147,-0.0999997,1.05,0.0278569,0.475769
1.76543e+09,23,-0.109892,0.984178,-0.0999997,1.1,0.0228103,0.417854
1.76543e+09,24,-0.111712,1.03792,-0.0999997,1.15,0.0305644,0.40452
1.76543e+09,25,-0.109906,1.07834,-0.0999997,1.2,0.0238725,0.438774
1.76543e+09,26,-0.105819,1.11592,-0.0999997,1.25,0.00780649,0.483078
1.76543e+09,27,-0.105634,1.16352,-0.0999997,1.3,0.00704309,0.4917
1.76543e+09,28,-0.0978556,1.20949,-0.0999997,1.35,-0.0205911,0.50546
1.76543e+09,29,-0.103239,1.25944,-0.0999997,1.4,-0.00221979,0.506147
1.76543e+09,30,-0.108384,1.30735,-0.0999997,1.45,0.0163701,0.514151
1.76543e+09,31,-0.105555,1.35789,-0.0999997,1.5,0.00662601,0.511937
1.76543e+09,32,-0.108473,1.41195,-0.0999997,1.55,0.0171661,0.497626
1.76543e+09,33,-0.101298,1.46292,-0.0999997,1.6,-0.00765019,0.493441
1.76543e+09,34,-0.107906,1.51511,-0.0999997,1.65,0.0159816,0.48616
1.76543e+09,35,-0.106578,1.55822,-0.0999997,1.7,0.0107815,0.51085
1.76543e+09,36,-0.10915,1.60992,-0.0999997,1.75,0.0200719,0.504952
1.76543e+09,37,-0.10484,1.65872,-0.0999997,1.8,0.0043856,0.508875
1.76543e+09,38,-0.107314,1.70983,-0.0999997,1.85,0.0133865,0.505105
1.76543e+09,39,-0.100719,1.76251,-0.0999997,1.9,-0.00982025,0.494861
1.76543e+09,40,-0.101392,1.80822,-0.0999997,1.95,-0.00803019,0.510363
1.76543e+09,41,-0.105798,1.85775,-0.0999997,2,0.00756715,0.512483
1.76543e+09,42,-0.100725,1.91112,-0.0999997,2.05,-0.00969726,0.499888
1.76543e+09,43,-0.100683,1.96444,-0.0999997,2.1,-0.00970793,0.48792
1.76543e+09,44,-0.103439,2.0089,-0.0999997,2.15,7.31012e-05,0.508108
1.76543e+09,45,-0.106693,2.06078,-0.0999997,2.2,0.0116155,0.501647
1.76543e+09,46,-0.104539,2.1076,-0.0999997,2.25,0.00389343,0.512889
1.76543e+09,47,-0.110136,2.16196,-0.0999997,2.3,0.0245958,0.497658
1.76543e+09,48,-0.111613,2.2155,-0.0999997,2.35,0.0304226,0.485058
1.76543e+09,49,-0.107527,2.25721,-0.0999997,2.4,0.0147858,0.51453
1.76543e+09,50,-0.108814,2.30492,-0.0999997,2.45,0.0194056,0.522889
1.76543e+09,51,-0.105988,2.35523,-0.0999997,2.5,0.00991582,0.521535
1.76543e+09,52,-0.103336,2.40865,-0.0999997,2.55,0.000994959,0.50901
1.76543e+09,53,-0.105633,2.46397,-0.0999997,2.6,0.00940689,0.490053
1.76543e+09,54,-0.100299,2.5187,-0.0999997,2.65,-0.00895104,0.472614
1.76543e+09,55,-0.107323,2.56561,-0.0999997,2.7,0.0155744,0.484284
1.76543e+09,56,-0.102816,2.61279,-0.0999997,2.75,-0.000808593,0.494077
1.76543e+09,57,-0.105357,2.66147,-0.0999997,2.8,0.00803233,0.499016
1.76543e+09,58,-0.0998405,2.7105,-0.0999997,2.85,-0.011676,0.502078
1.76543e+09,59,-0.103364,2.76383,-0.0999997,2.9,0.00148649,0.490344
1.76543e+09,60,-0.103002,2.8073,-0.0999997,2.95,-0.000278406,0.51382
1.76543e+09,61,-0.107173,2.86075,-0.15,2.95,-0.160951,0.317965
1.76543e+09,62,-0.111128,2.90499,-0.2,2.95,-0.323854,0.15405
1.76543e+09,63,-0.0999759,2.94244,-0.25,2.95,-0.540482,0.0176692
1.76543e+09,64,-0.108751,2.96024,-0.3,2.95,-0.687442,-0.0529892
1.76543e+09,65,-0.106012,2.95773,-0.35,2.95,-0.877747,-0.0429507
1.76543e+09,66,-0.107917,2.95674,-0.4,2.95,-0.999173,-0.0406622
1.76543e+09,67,-0.105106,2.95342,-0.45,2.95,-0.999626,-0.0273353
1.76543e+09,68,-0.106826,2.95291,-0.5,2.95,-0.99969,-0.0248832
1.76543e+09,69,-0.106879,2.95693,-0.55,2.95,-0.999442,-0.033398
1.76543e+09,70,-0.103968,2.96184,-0.6,2.95,-0.999139,-0.0414889
1.76543e+09,71,-0.102705,2.95407,-0.65,2.95,-0.999696,-0.0246659
1.76543e+09,72,-0.0986664,2.95571,-0.7,2.95,-0.999597,-0.028392
1.76543e+09,73,-0.100755,2.95293,-0.75,2.95,-0.999749,-0.0223825
1.76543e+09,74,-0.100965,2.95368,-0.8,2.95,-0.999806,-0.0197133
1.76543e+09,75,-0.102511,2.95676,-0.85,2.95,-0.999714,-0.0239007
1.76543e+09,76,-0.104749,2.96001,-0.9,2.95,-0.999632,-0.0271278
1.76543e+09,81,-0.120741,2.95343,-0.95,2.95,-0.566829,-0.008707
1.76543e+09,81,-0.154121,2.94501,-1,2.95,-0.578221,-0.00280019
1.76543e+09,81,-0.193936,2.95477,-1.05,2.95,-0.585032,-0.0103489
1.76543e+09,81,-0.252473,2.95068,-1.1,2.95,-0.57929,-0.00605121
1.76543e+09,81,-0.311557,2.94816,-1.15,2.95,-0.573133,-0.00484376
1.76543e+09,81,-0.363405,2.95206,-1.15,2.95,-0.537846,-0.00645884
1.76543e+09,81,-0.42116,2.945,-1.15,2.95,-0.498646,-0.000294808
1.76543e+09,81,-0.479599,2.94097,-1.15,2.95,-0.458942,0.00343624
1.76543e+09,81,-0.521807,2.94188,-1.15,2.95,-0.430235,0.00334821
1.76543e+09,81,-0.571603,2.93538,-1.15,2.95,-0.396413,0.00884458
1.76543e+09,81,-0.616881,2.93412,-1.15,2.95,-0.365649,0.00954902
1.76543e+09,81,-0.6579,2.92658,-1.15,2.95,-0.337799,0.0154884
1.76543e+09,81,-0.695546,2.92633,-1.15,2.95,-0.312198,0.0160846
1.76543e+09,81,-0.724832,2.93013,-1.15,2.95,-0.292231,0.0142954
1.76543e+09,81,-0.755238,2.93638,-1.15,2.95,-0.271526,0.010121
1.76543e+09,81,-0.783174,2.9454,-1.15,2.95,-0.252485,0.0039235
1.76543e+09,81,-0.814949,2.94458,-1.15,2.95,-0.230892,0.0042833
1.76543e+09,81,-0.842023,2.93687,-1.15,2.95,-0.212534,0.00977911
1.76543e+09,81,-0.864092,2.93727,-1.15,2.95,-0.197516,0.00984485
1.76543e+09,81,-0.885407,2.93346,-1.15,2.95,-0.183053,0.0124689
1.76543e+09,81,-0.902578,2.93636,-1.15,2.95,-0.171364,0.0105124
1.76543e+09,81,-0.917676,2.93789,-1.15,2.95,-0.161074,0.00979465
1.76543e+09,81,-0.932348,2.94009,-1.15,2.95,-0.151083,0.00840123
1.76543e+09,81,-0.951801,2.93568,-1.15,2.95,-0.137883,0.0115082
1.76543e+09,81,-0.966462,2.93291,-1.15,2.95,-0.127928,0.0135091
1.76543e+09,81,-0.978382,2.93399,-1.15,2.95,-0.119814,0.0128687
1.76543e+09,81,-0.990445,2.93739,-1.15,2.95,-0.111592,0.0106293
1.76543e+09,81,-1.00318,2.93779,-1.15,2.95,-0.102932,0.0103996
1.76543e+09,81,-1.01602,2.93786,-1.15,2.95,-0.0941989,0.0104223
1.76543e+09,81,-1.02328,2.93774,-1.15,2.95,-0.0892694,0.0105098
1.76543e+09,81,-1.03153,2.93773,-1.15,2.95,-0.0836567,0.0106183
1.76543e+09,81,-1.0457,2.93787,-1.15,2.95,-0.0740155,0.0106094
1.76543e+09,81,-1.04914,2.94141,-1.15,2.95,-0.0716535,0.00827392
1.76543e+09,81,-1.05773,2.9415,-1.15,2.95,-0.0658116,0.00823147
1.76543e+09,81,-1.06424,2.94182,-1.15,2.95,-0.0613894,0.00802619
1.76543e+09,81,-1.07224,2.94456,-1.15,2.95,-0.0559373,0.00619696
1.76543e+09,81,-1.07452,2.94566,-1.15,2.95,-0.05437,0.00550499
1.76543e+09,81,-1.07912,2.94024,-1.15,2.95,-0.0512804,0.00919992
1.76543e+09,81,-1.08571,2.94177,-1.15,2.95,-0.0467897,0.00818106
1.76543e+09,81,-1.09297,2.94531,-1.15,2.95,-0.0418316,0.0058456
1.76543e+09,81,-1.09619,2.94342,-1.15,2.95,-0.0396468,0.00715862
1.76543e+09,81,-1.10097,2.94548,-1.15,2.95,-0.036395,0.00575128
1.76543e+09,81,-1.10508,2.94486,-1.15,2.95,-0.0335981,0.00622252
1.76543e+09,81,-1.1048,2.9427,-1.15,2.95,-0.0338021,0.00767796
1.76543e+09,81,-1.11364,2.94549,-1.15,2.95,-0.0277718,0.00583
1.76543e+09,81,-1.1125,2.94951,-1.15,2.95,-0.028525,0.00311741
1.76543e+09,81,-1.11733,2.94578,-1.15,2.95,-0.0252627,0.00565349
1.76543e+09,81,-1.11627,2.94688,-1.15,2.95,-0.0259786,0.00490981
1.76543e+09,81,-1.11886,2.9454,-1.15,2.95,-0.0242273,0.00592754
1.76543e+09,81,-1.12513,2.94803,-1.15,2.95,-0.0199442,0.00418168
1.76543e+09,81,-1.12652,2.94836,-1.15,2.95,-0.0189999,0.00396444
1.76543e+09,81,-1.12396,2.94867,-1.15,2.95,-0.0207382,0.00373853
1.76543e+09,81,-1.1286,2.9467,-1.15,2.95,0,0
1.76543e+09,81,-1.12779,2.9488,-1.15,2.95,-0.0181379,0.00365416
timestamp,index,target_posx,target_posy,current_posx,current_posy,Vx,Vy
1.76543e+09,1,-1.13391,2.95104,-1.1,2.9,0.123705,-0.182652
1.76543e+09,2,-1.13662,2.94845,-1.05,2.9,0.313287,-0.171793
1.76543e+09,3,-1.13252,2.94414,-1,2.9,0.478436,-0.154777
1.76543e+09,4,-1.12706,2.94894,-1,2.85,0.460222,-0.352555
1.76543e+09,5,-1.13253,2.94452,-1,2.8,0.481048,-0.51663
1.76543e+09,6,-1.13329,2.94469,-1,2.75,0.485201,-0.697199
1.76543e+09,7,-1.12907,2.94877,-1,2.7,0.467064,-0.884223
1.76543e+09,8,-1.12958,2.95126,-1,2.65,0.401599,-0.915816
1.76543e+09,9,-1.1304,2.9512,-1,2.6,0.354798,-0.934943
1.76543e+09,10,-1.13082,2.94928,-1,2.55,0.318907,-0.947786
1.76543e+09,11,-1.12962,2.95207,-1,2.5,0.283245,-0.959047
1.76543e+09,12,-1.12585,2.93755,-1,2.45,0.258732,-0.965949
1.76543e+09,13,-1.11795,2.9089,-1,2.4,0.235185,-0.971951
1.76543e+09,14,-1.10276,2.86783,-1,2.35,0.203268,-0.979123
1.76543e+09,15,-1.08672,2.81295,-1,2.3,0.174308,-0.984691
1.76543e+09,16,-1.06568,2.74688,-1,2.25,0.136721,-0.99061
1.76543e+09,17,-1.04947,2.66734,-1,2.2,0.113831,-0.9935
1.76543e+09,18,-1.02449,2.56956,-1,2.15,0.0649663,-0.997887
1.76543e+09,19,-1.0134,2.47292,-1,2.1,0.0441717,-0.999024
1.76543e+09,20,-0.999695,2.37021,-1,2.05,0.00728124,-0.999973
1.76543e+09,21,-0.994777,2.27014,-1,2,-0.0101563,-0.972625
1.76543e+09,22,-0.979283,2.16121,-1,1.95,-0.0685561,-0.760907
1.76543e+09,23,-0.981297,2.06346,-1,1.9,-0.0617617,-0.589074
1.76543e+09,24,-0.988666,1.98388,-1,1.85,-0.0364434,-0.482306
1.76543e+09,25,-0.992238,1.92342,-1,1.8,-0.0231437,-0.444588
1.76543e+09,26,-1.00031,1.87415,-1,1.75,0.0104533,-0.446816
1.76543e+09,27,-0.997272,1.83093,-1,1.7,-0.00164723,-0.47146
1.76543e+09,28,-0.99886,1.78333,-1,1.65,0.00507767,-0.479988
1.76543e+09,29,-0.993701,1.74451,-1,1.6,-0.0127018,-0.520576
1.76543e+09,30,-0.986961,1.69466,-1,1.55,-0.0364533,-0.521611
1.76543e+09,31,-0.988898,1.64642,-1,1.5,-0.0289882,-0.527817
1.76543e+09,32,-0.991473,1.5946,-1,1.45,-0.0198568,-0.521091
1.76543e+09,33,-0.989443,1.53538,-1,1.4,-0.0272361,-0.488101
1.76543e+09,34,-0.987015,1.48624,-1,1.35,-0.0356135,-0.491401
1.76543e+09,35,-0.989276,1.43768,-1,1.3,-0.0271691,-0.496388
1.76543e+09,36,-0.997757,1.38367,-1,1.25,0.00344892,-0.48128
1.76543e+09,37,-0.999141,1.33276,-1,1.2,0.00789631,-0.477874
1.76543e+09,38,-0.997683,1.28873,-1,1.15,0.00345239,-0.499487
1.76543e+09,39,-1.00211,1.23705,-1,1.1,0.0190161,-0.493076
1.76543e+09,40,-0.99933,1.18833,-1,1.05,0.00881443,-0.497926
1.76543e+09,41,-1.00333,1.14024,-1,1,0.0241659,-0.504445
1.76543e+09,42,-0.997835,1.09154,-1,0.95,0.00424894,-0.509576
1.76543e+09,43,-0.995705,1.03993,-1,0.9,-0.00309011,-0.503963
1.76543e+09,44,-0.992542,0.991549,-1,0.85,-0.0142763,-0.510083
1.76543e+09,45,-0.990134,0.94127,-1,0.8,-0.0225456,-0.509313
1.76543e+09,46,-0.989259,0.885649,-1,0.75,-0.0263019,-0.489157
1.76543e+09,47,-0.984015,0.832184,-1,0.7,-0.0454572,-0.477168
1.76543e+09,48,-0.986567,0.785835,-1,0.65,-0.035717,-0.490092
1.76543e+09,49,-0.995884,0.735448,-1,0.6,-0.00179503,-0.487833
1.76543e+09,50,-1.00154,0.69144,-1,0.55,0.0194544,-0.508843
1.76543e+09,51,-1.00279,0.640318,-1,0.5,0.0237425,-0.504685
1.76543e+09,52,-1.00304,0.588616,-1,0.45,0.0244318,-0.498538
1.76543e+09,53,-1.00153,0.542107,-1,0.4,0.0197637,-0.511234
1.76543e+09,54,-0.996755,0.491209,-1,0.35,0.0027732,-0.508479
1.76543e+09,55,-0.989504,0.434462,-1,0.3,-0.0244356,-0.484919
1.76543e+09,56,-0.985019,0.377016,-1,0.25,-0.0417154,-0.458534
1.76543e+09,57,-0.986381,0.324352,-1,0.2,-0.036884,-0.448829
1.76543e+09,58,-0.994853,0.275819,-1,0.15,-0.0060848,-0.453286
1.76543e+09,59,-0.996545,0.231348,-1,0.1,0.000785986,-0.473015
1.76543e+09,60,-0.99829,0.193128,-1,0.0500001,0.00801943,-0.515236
1.76543e+09,61,-0.997449,0.15718,-1,8.86619e-08,0.0081808,-0.565864
1.76543e+09,62,-0.994114,0.161039,-0.95,8.86619e-08,0.175682,-0.574851
1.76543e+09,63,-0.995198,0.156658,-0.9,8.86619e-08,0.360257,-0.552927
1.76543e+09,64,-0.99444,0.157404,-0.85,8.86619e-08,0.537319,-0.550246
1.76543e+09,65,-0.994587,0.152152,-0.8,8.86619e-08,0.716656,-0.526454
1.76543e+09,66,-0.998516,0.155593,-0.75,8.86619e-08,0.86383,-0.503783
1.76543e+09,67,-0.999741,0.157376,-0.7,8.86619e-08,0.899273,-0.437387
1.76543e+09,68,-0.992759,0.162419,-0.65,8.86619e-08,0.916286,-0.400525
1.76543e+09,69,-0.987552,0.159708,-0.6,8.86619e-08,0.935122,-0.354325
1.76543e+09,70,-0.99274,0.161399,-0.55,8.86619e-08,0.948885,-0.315621
1.76543e+09,71,-0.995869,0.160902,-0.5,8.86619e-08,0.959389,-0.282085
1.76543e+09,72,-0.998517,0.160378,-0.45,8.86619e-08,0.967415,-0.253195
1.76543e+09,73,-1.00087,0.161876,-0.4,8.86619e-08,0.972665,-0.232213
1.76543e+09,74,-0.987235,0.155147,-0.35,8.86619e-08,0.977917,-0.208996
1.76543e+09,79,-0.962702,0.155272,-0.3,8.86619e-08,0.456549,-0.0956087
1.76543e+09,79,-0.918854,0.14089,-0.25,8.86619e-08,0.460723,-0.0842429
1.76543e+09,79,-0.869952,0.130239,-0.2,8.86619e-08,0.461269,-0.0768053
1.76543e+09,79,-0.830139,0.11493,-0.15,8.86619e-08,0.467825,-0.0664112
1.76543e+09,79,-0.787058,0.113561,-0.0999997,8.86619e-08,0.472617,-0.0644682
1.76543e+09,79,-0.739446,0.104725,-0.0999997,8.86619e-08,0.440078,-0.0594038
1.76543e+09,79,-0.698482,0.0999856,-0.0999997,8.86619e-08,0.412162,-0.0568868
1.76543e+09,79,-0.648609,0.093647,-0.0999997,8.86619e-08,0.378079,-0.0540343
1.76543e+09,79,-0.602884,0.0883256,-0.0999997,8.86619e-08,0.347001,-0.0506486
1.76543e+09,79,-0.572371,0.0813922,-0.0999997,8.86619e-08,0.326106,-0.0466159
1.76543e+09,79,-0.540375,0.0780011,-0.0999997,8.86619e-08,0.304288,-0.0450414
1.76543e+09,79,-0.50662,0.0728559,-0.0999997,8.86619e-08,0.281243,-0.0422398
1.76543e+09,79,-0.471972,0.0703916,-0.0999997,8.86619e-08,0.257627,-0.0414903
1.76543e+09,79,-0.448359,0.0662227,-0.0999997,8.86619e-08,0.241478,-0.0392419
1.76543e+09,79,-0.421941,0.0634484,-0.0999997,8.86619e-08,0.223489,-0.0378229
1.76543e+09,79,-0.397874,0.059598,-0.0999997,8.86619e-08,0.207052,-0.035732
1.76543e+09,79,-0.378663,0.0526163,-0.0999997,8.86619e-08,0.193829,-0.0314153
1.76543e+09,79,-0.359039,0.050206,-0.0999997,8.86619e-08,0.180431,-0.030291
1.76543e+09,79,-0.337741,0.0502502,-0.0999997,8.86619e-08,0.165943,-0.0309644
1.76543e+09,79,-0.318722,0.0475446,-0.0999997,8.86619e-08,0.152936,-0.0296826
1.76543e+09,79,-0.302384,0.0406142,-0.0999997,8.86619e-08,0.141658,-0.0253929
1.76543e+09,79,-0.286694,0.0439356,-0.0999997,8.86619e-08,0.131088,-0.0280068
1.76543e+09,79,-0.272427,0.0433132,-0.0999997,8.86619e-08,0.121399,-0.027854
1.76543e+09,79,-0.262737,0.0339273,-0.0999997,8.86619e-08,0.114562,-0.0217743
1.76543e+09,79,-0.247641,0.0305023,-0.0999997,8.86619e-08,0.104184,-0.0199994
1.76543e+09,79,-0.236293,0.0313396,-0.0999997,8.86619e-08,0.0965205,-0.0207227
1.76543e+09,79,-0.227619,0.0313317,-0.0999997,8.86619e-08,0.0906052,-0.0210254
1.76543e+09,79,-0.214265,0.0266013,-0.0999997,8.86619e-08,0.0814098,-0.0181583
1.76543e+09,79,-0.208726,0.0227493,-0.0999997,8.86619e-08,0.0775449,-0.0157091
1.76543e+09,79,-0.208143,0.0244819,-0.0999997,8.86619e-08,0.0772194,-0.0167685
1.76543e+09,79,-0.193885,0.0206945,-0.0999997,8.86619e-08,0.0674285,-0.0145853
1.76543e+09,79,-0.188517,0.0219013,-0.0999997,8.86619e-08,0.0637956,-0.0156043
1.76543e+09,79,-0.185656,0.0172777,-0.0999997,8.86619e-08,0.061744,-0.0125023
1.76543e+09,79,-0.176771,0.0175397,-0.0999997,8.86619e-08,0.0557081,-0.0129199
1.76543e+09,79,-0.175486,0.0181703,-0.0999997,8.86619e-08,0.0548601,-0.01334
1.76543e+09,79,-0.169092,0.0190225,-0.0999997,8.86619e-08,0.0505309,-0.0141007
1.76543e+09,79,-0.160895,0.0170462,-0.0999997,8.86619e-08,0.0449154,-0.0129484
1.76543e+09,79,-0.15513,0.0151643,-0.0999997,8.86619e-08,0.0409417,-0.011844
1.76543e+09,79,-0.15339,0.0108513,-0.0999997,8.86619e-08,0.0396619,-0.00891876
1.76543e+09,79,-0.147155,0.0127442,-0.0999997,8.86619e-08,0.0354692,-0.0103736
1.76543e+09,79,-0.142109,0.0135323,-0.0999997,8.86619e-08,0.0320685,-0.0110106
1.76543e+09,79,-0.135734,0.0109661,-0.0999997,8.86619e-08,0.0276713,-0.00942782
1.76543e+09,79,-0.133861,0.00975609,-0.0999997,8.86619e-08,0.026356,-0.0086897
1.76543e+09,79,-0.131022,0.0038749,-0.0999997,8.86619e-08,0.0242842,-0.0047544
1.76543e+09,79,-0.131278,0.0106333,-0.0999997,8.86619e-08,0.0246271,-0.00933636
1.76543e+09,79,-0.131709,0.00827944,-0.0999997,8.86619e-08,0.0248641,-0.00771833
1.76543e+09,79,-0.125402,0.00700256,-0.0999997,8.86619e-08,0.0205551,-0.0069829
1.76543e+09,79,-0.125826,0.00823247,-0.0999997,8.86619e-08,0.0208735,-0.007812
1.76543e+09,79,-0.125448,0.00862679,-0.0999997,8.86619e-08,0.0206178,-0.00811151
1.76543e+09,79,-0.12597,0.00673565,-0.0999997,8.86619e-08,0.0209201,-0.00682807
1.76543e+09,79,-0.125816,0.00364161,-0.0999997,8.86619e-08,0.0207412,-0.00472397
1.76543e+09,79,-0.123674,0.00276819,-0.0999997,8.86619e-08,0.0192664,-0.00417007
timestamp,index,target_posx,target_posy,current_posx,current_posy,Vx,Vy
1.76543e+09,1,-0.15,8.86619e-08,-0.107658,-0.0107396,-0.153786,0.0328571
1.76543e+09,2,-0.15,0.0500001,-0.109626,-0.0128841,-0.153849,0.220693
1.76543e+09,3,-0.15,0.1,-0.118431,-0.0121241,-0.128431,0.399189
1.76543e+09,4,-0.15,0.15,-0.120404,-0.0187599,-0.129829,0.602989
1.76543e+09,5,-0.15,0.2,-0.119396,-0.0145897,-0.141674,0.767371
1.76543e+09,6,-0.15,0.25,-0.120097,-0.0149296,-0.1433,0.949045
1.76543e+09,7,-0.15,0.3,-0.115432,-0.0122594,-0.147627,0.989043
1.76543e+09,8,-0.15,0.35,-0.11668,-0.0147427,-0.131853,0.991269
1.76543e+09,9,-0.15,0.4,-0.11895,-0.00931922,-0.123993,0.992283
1.76543e+09,10,-0.15,0.45,-0.117021,-0.0116567,-0.128293,0.991736
1.76543e+09,11,-0.15,0.5,-0.121527,-0.0149669,-0.117239,0.993104
1.76543e+09,12,-0.15,0.55,-0.11684,-0.0098137,-0.123938,0.99229
1.76543e+09,13,-0.15,0.6,-0.11358,-0.0115762,-0.124636,0.992203
1.76543e+09,14,-0.15,0.65,-0.120492,-0.0159491,-0.112233,0.993682
1.76543e+09,15,-0.15,0.7,-0.11967,0.00970909,-0.109041,0.994037
1.76543e+09,16,-0.15,0.75,-0.122236,0.0457951,-0.106423,0.994321
1.76543e+09,17,-0.15,0.8,-0.127914,0.105542,-0.0994034,0.995047
1.76543e+09,18,-0.15,0.85,-0.133275,0.169925,-0.0939284,0.995579
1.76543e+09,19,-0.15,0.9,-0.137018,0.258778,-0.087526,0.996162
1.76543e+09,20,-0.15,0.95,-0.142385,0.36877,-0.0819935,0.996633
1.76543e+09,21,-0.15,1,-0.141958,0.476734,-0.087164,0.996194
1.76543e+09,22,-0.15,1.05,-0.147708,0.574644,-0.0756368,0.997135
1.76543e+09,23,-0.15,1.1,-0.151071,0.67734,-0.0688211,0.997629
1.76543e+09,24,-0.15,1.15,-0.158018,0.775023,-0.0504764,0.998725
1.76543e+09,25,-0.15,1.2,-0.156156,0.883775,-0.0524164,0.998625
1.76543e+09,26,-0.15,1.25,-0.162958,0.988814,-0.0203463,0.941206
1.76543e+09,27,-0.15,1.3,-0.164885,1.0831,-0.00222775,0.78266
1.76543e+09,28,-0.15,1.35,-0.166021,1.17267,0.0128722,0.640843
1.76543e+09,29,-0.15,1.4,-0.168701,1.2577,0.0279978,0.515935
1.76543e+09,30,-0.15,1.45,-0.164768,1.32782,0.0199728,0.4426
1.76543e+09,31,-0.15,1.5,-0.158038,1.37429,-0.00372639,0.453481
1.76543e+09,32,-0.15,1.55,-0.157616,1.41969,-0.00641309,0.469881
1.76543e+09,33,-0.15,1.6,-0.158633,1.46885,-0.00307846,0.473164
1.76543e+09,34,-0.15,1.65,-0.156787,1.51268,-0.011451,0.494831
1.76543e+09,35,-0.15,1.7,-0.159193,1.56029,-0.00294637,0.504019
1.76543e+09,36,-0.15,1.75,-0.152855,1.60599,-0.0270304,0.517839
1.76543e+09,37,-0.15,1.8,-0.149054,1.65691,-0.0406465,0.513545
1.76543e+09,38,-0.15,1.85,-0.146193,1.70649,-0.0507002,0.514321
1.76543e+09,39,-0.15,1.9,-0.149296,1.75703,-0.0395454,0.513173
1.76543e+09,40,-0.15,1.95,-0.150895,1.80961,-0.0330824,0.504342
1.76543e+09,41,-0.15,2,-0.156456,1.85808,-0.0135305,0.51125
1.76543e+09,42,-0.15,2.05,-0.155274,1.90926,-0.0174644,0.506704
1.76543e+09,43,-0.15,2.1,-0.162408,1.96104,0.00865211,0.502181
1.76543e+09,44,-0.15,2.15,-0.1543,2.01076,-0.0199499,0.501117
1.76543e+09,45,-0.15,2.2,-0.15309,2.06398,-0.0236581,0.489235
1.76543e+09,46,-0.15,2.25,-0.159868,2.11513,0.000808984,0.486821
1.76543e+09,47,-0.15,2.3,-0.158481,2.16549,-0.00320682,0.485196
1.76543e+09,48,-0.15,2.35,-0.155113,2.2115,-0.0169294,0.498665
1.76543e+09,49,-0.15,2.4,-0.155309,2.25868,-0.0165122,0.508837
1.76543e+09,50,-0.15,2.45,-0.14686,2.30146,-0.0488359,0.532647
1.76543e+09,51,-0.15,2.5,-0.147019,2.35112,-0.0481962,0.533916
1.76543e+09,52,-0.15,2.55,-0.149792,2.4093,-0.0358976,0.505235
1.76543e+09,53,-0.15,2.6,-0.155522,2.46363,-0.01442,0.491117
1.76543e+09,54,-0.15,2.65,-0.161119,2.51435,0.00577086,0.48996
1.76543e+09,55,-0.15,2.7,-0.161198,2.56573,0.00647151,0.485014
1.76543e+09,56,-0.15,2.75,-0.152225,2.61635,-0.02557,0.480537
1.76543e+09,57,-0.15,2.8,-0.153838,2.66754,-0.0195112,0.476643
1.76543e+09,58,-0.15,2.85,-0.15299,2.71525,-0.0230975,0.484688
1.76543e+09,59,-0.15,2.9,-0.155918,2.76505,-0.0119041,0.486136
1.76543e+09,60,-0.2,2.9,-0.154398,2.80882,-0.186255,0.316235
1.76543e+09,61,-0.25,2.9,-0.152572,2.85803,-0.360086,0.127208
1.76543e+09,62,-0.3,2.9,-0.152771,2.89628,-0.529795,-0.0205164
1.76543e+09,63,-0.35,2.9,-0.161487,2.91684,-0.671881,-0.113172
1.76543e+09,64,-0.4,2.9,-0.160417,2.91103,-0.857117,-0.104056
1.76543e+09,65,-0.45,2.9,-0.158261,2.90671,-0.995078,-0.0990943
1.76543e+09,66,-0.5,2.9,-0.15518,2.91262,-0.993664,-0.11239
1.76543e+09,67,-0.55,2.9,-0.154823,2.91273,-0.994164,-0.107878
1.76543e+09,68,-0.6,2.9,-0.150756,2.91151,-0.994876,-0.101103
1.76543e+09,69,-0.65,2.9,-0.151449,2.9135,-0.994792,-0.101928
1.76543e+09,74,-0.7,2.9,-0.156749,2.9107,-0.370955,-0.0332539
1.76543e+09,74,-0.75,2.9,-0.149596,2.90931,-0.409723,-0.0359084
1.76543e+09,74,-0.8,2.9,-0.15252,2.90809,-0.44163,-0.0384139
1.76543e+09,74,-0.85,2.9,-0.149256,2.90186,-0.478102,-0.0366803
1.76543e+09,74,-0.9,2.9,-0.147605,2.90844,-0.512781,-0.0437014
1.76543e+09,74,-0.9,2.9,-0.151832,2.90316,-0.510189,-0.0399833
1.76543e+09,74,-0.9,2.9,-0.169186,2.90485,-0.498352,-0.0399902
1.76543e+09,74,-0.9,2.9,-0.194407,2.90497,-0.481231,-0.0389444
1.76543e+09,74,-0.9,2.9,-0.235245,2.90845,-0.453361,-0.0391444
1.76543e+09,74,-0.9,2.9,-0.289663,2.90009,-0.416965,-0.0298817
1.76543e+09,74,-0.9,2.9,-0.333352,2.89648,-0.387489,-0.0257962
1.76543e+09,74,-0.9,2.9,-0.367632,2.90089,-0.364044,-0.0265866
1.76543e+09,74,-0.9,2.9,-0.395611,2.89687,-0.345309,-0.0220238
1.76543e+09,74,-0.9,2.9,-0.431934,2.89735,-0.320646,-0.0206337
1.76543e+09,74,-0.9,2.9,-0.474288,2.8935,-0.292164,-0.0151987
1.76543e+09,74,-0.9,2.9,-0.514347,2.89202,-0.265038,-0.0129634
1.76543e+09,74,-0.9,2.9,-0.543856,2.89447,-0.244923,-0.012718
1.76543e+09,74,-0.9,2.9,-0.557813,2.9022,-0.235085,-0.0168471
1.76543e+09,74,-0.9,2.9,-0.579287,2.89992,-0.220616,-0.0145694
1.76543e+09,74,-0.9,2.9,-0.6108,2.89313,-0.19961,-0.00819528
1.76543e+09,74,-0.9,2.9,-0.639659,2.88774,-0.180324,-0.00316505
1.76543e+09,74,-0.9,2.9,-0.653566,2.88711,-0.170941,-0.00124918
1.76543e+09,74,-0.9,2.9,-0.668303,2.88402,-0.16111,0.00138552
1.76543e+09,74,-0.9,2.9,-0.687349,2.88349,-0.148226,0.00300123
1.76543e+09,74,-0.9,2.9,-0.706927,2.88719,-0.134769,0.00155664
1.76543e+09,74,-0.9,2.9,-0.717674,2.89109,-0.127289,-0.000516123
1.76543e+09,74,-0.9,2.9,-0.727023,2.89141,-0.120938,-6.88037e-05
1.76543e+09,74,-0.9,2.9,-0.747828,2.89465,-0.106669,-0.00122202
1.76543e+09,74,-0.9,2.9,-0.753895,2.89638,-0.10247,-0.00212801
1.76543e+09,74,-0.9,2.9,-0.765469,2.89273,-0.0948058,0.000963499
1.76543e+09,74,-0.9,2.9,-0.770313,2.88989,-0.0916607,0.0033032
1.76543e+09,74,-0.9,2.9,-0.777245,2.89437,-0.0867402,0.000599089
1.76543e+09,74,-0.9,2.9,-0.789484,2.89648,-0.0783363,-0.000243889
1.76543e+09,74,-0.9,2.9,-0.79985,2.90039,-0.0711101,-0.00250626
1.76543e+09,74,-0.9,2.9,-0.810177,2.90257,-0.0640001,-0.00342238
1.76543e+09,74,-0.9,2.9,-0.814739,2.90168,-0.0609492,-0.00260406
1.76543e+09,74,-0.9,2.9,-0.821983,2.89735,-0.0562511,0.000722197
1.76543e+09,74,-0.9,2.9,-0.826925,2.89723,-0.0529064,0.00102571
1.76543e+09,74,-0.9,2.9,-0.833683,2.89465,-0.0484495,0.00314868
1.76543e+09,74,-0.9,2.9,-0.842388,2.8961,-0.042476,0.00256043
1.76543e+09,74,-0.9,2.9,-0.841058,2.90225,-0.0430728,-0.00167051
1.76543e+09,74,-0.9,2.9,-0.84931,2.89486,-0.037844,0.00374022
1.76543e+09,74,-0.9,2.9,-0.849066,2.89613,-0.0379455,0.00286882
1.76543e+09,74,-0.9,2.9,-0.853124,2.8945,-0.0352738,0.00418815
1.76543e+09,74,-0.9,2.9,-0.852717,2.89567,-0.0354888,0.00339707
1.76543e+09,74,-0.9,2.9,-0.863519,2.89813,-0.0280414,0.00227454
1.76543e+09,74,-0.9,2.9,-0.869292,2.89752,-0.0241586,0.00294475
1.76543e+09,74,-0.9,2.9,-0.863898,2.90192,-0.0275985,-0.000306926
1.76543e+09,74,-0.9,2.9,-0.86524,2.89911,-0.0268264,0.00167978
1.76543e+09,74,-0.9,2.9,-0.870084,2.90286,-0.023356,-0.000672363
1.76543e+09,74,-0.9,2.9,-0.873104,2.90005,-0.0214455,0.00140072
1.76543e+09,74,-0.9,2.9,-0.87229,2.9001,-0.0219961,0.00131435
1.76543e+09,74,-0.9,2.9,-0.877781,2.89931,-0.0183118,0.00212215
1.76543e+09,74,-0.9,2.9,-0.879307,2.89849,-0.01732,0.0027495
1.76543e+09,74,-0.9,2.9,-0.879372,2.8982,0,0
1.76543e+09,74,-0.9,2.9,-0.879686,2.90227,-0.0168735,0.000207246
1.76543e+09,74,-0.9,2.9,-0.879807,2.90111,-0.0168489,0.000998586
1.76543e+09,74,-0.9,2.9,-0.87988,2.89542,0,0
timestamp,index,target_posx,target_posy,current_posx,current_posy,Vx,Vy
1.76543e+09,1,-0.95,2.9,-0.881156,2.90081,-0.246968,-0.0209225
1.76543e+09,2,-0.95,2.85,-0.88621,2.89892,-0.216121,-0.192453
1.76543e+09,3,-0.95,2.8,-0.891933,2.90018,-0.18218,-0.374922
1.76543e+09,4,-0.95,2.75,-0.913598,2.89124,-0.0936558,-0.516656
1.76543e+09,5,-0.95,2.7,-0.906767,2.90409,-0.100831,-0.744217
1.76543e+09,6,-0.95,2.65,-0.921148,2.89396,-0.0411835,-0.883412
1.76543e+09,7,-0.95,2.6,-0.911483,2.90592,-0.0515687,-0.998669
1.76543e+09,8,-0.95,2.55,-0.912795,2.89867,-0.0350612,-0.999385
1.76543e+09,9,-0.95,2.5,-0.908891,2.90124,-0.0308545,-0.999524
1.76543e+09,10,-0.95,2.45,-0.905676,2.90245,-0.0277633,-0.999615
1.76543e+09,11,-0.95,2.4,-0.903296,2.90523,-0.021383,-0.999771
1.76543e+09,12,-0.95,2.35,-0.904853,2.90125,-0.00799749,-0.999968
1.76543e+09,13,-0.95,2.3,-0.904316,2.89999,0.000372166,-1
1.76543e+09,14,-0.95,2.25,-0.90211,2.90095,0.00495195,-0.999988
1.76543e+09,15,-0.95,2.2,-0.90186,2.9006,0.00899953,-0.99996
1.76543e+09,16,-0.95,2.15,-0.901789,2.90228,0.013116,-0.999914
1.76543e+09,17,-0.95,2.1,-0.896775,2.88479,0.010492,-0.999945
1.76543e+09,18,-0.95,2.05,-0.898568,2.85461,0.0107226,-0.999942
1.76543e+09,19,-0.95,2,-0.905876,2.80049,0.0195318,-0.999809
1.76543e+09,20,-0.95,1.95,-0.901396,2.74064,0.0105636,-0.999944
1.76543e+09,21,-0.95,1.9,-0.911899,2.66207,0.0221497,-0.999755
1.76543e+09,22,-0.95,1.85,-0.909452,2.57075,0.0162349,-0.999868
1.76543e+09,23,-0.95,1.8,-0.911979,2.46683,0.0169499,-0.999856
1.76543e+09,24,-0.95,1.75,-0.912338,2.37027,0.0132716,-0.999912
1.76543e+09,25,-0.95,1.7,-0.909445,2.2744,0.00246371,-0.999997
1.76543e+09,26,-0.95,1.65,-0.910269,2.17099,-0.00337822,-0.999994
1.76543e+09,27,-0.95,1.6,-0.917428,2.06733,0.00495913,-0.999988
1.76543e+09,28,-0.95,1.55,-0.925286,1.96827,0.0150528,-0.999887
1.76543e+09,29,-0.95,1.5,-0.92721,1.86855,0.0133407,-0.999911
1.76543e+09,30,-0.95,1.45,-0.929535,1.77156,0.0131667,-0.999913
1.76543e+09,31,-0.95,1.4,-0.928703,1.67125,-0.0013632,-0.979501
1.76543e+09,32,-0.95,1.35,-0.924253,1.57308,-0.0315669,-0.807793
1.76543e+09,33,-0.95,1.3,-0.926709,1.47471,-0.0352707,-0.633526
1.76543e+09,34,-0.95,1.25,-0.940831,1.38781,0.00663844,-0.497162
1.76543e+09,35,-0.95,1.2,-0.94215,1.31976,0.00597784,-0.432019
1.76543e+09,36,-0.95,1.15,-0.944036,1.27554,0.0140648,-0.452241
1.76543e+09,37,-0.95,1.1,-0.94966,1.23255,0.0374986,-0.475716
1.76543e+09,38,-0.95,1.05,-0.947917,1.18168,0.0304939,-0.473133
1.76543e+09,39,-0.95,1,-0.945218,1.13412,0.0222944,-0.482609
1.76543e+09,40,-0.95,0.95,-0.948185,1.09088,0.0346883,-0.506038
1.76543e+09,41,-0.95,0.9,-0.95079,1.04371,0.045202,-0.515368
1.76543e+09,42,-0.95,0.85,-0.944854,0.996766,0.024544,-0.528112
1.76543e+09,43,-0.95,0.8,-0.945873,0.935947,0.0259468,-0.488947
1.76543e+09,44,-0.95,0.75,-0.948684,0.878482,0.033875,-0.461317
1.76543e+09,45,-0.95,0.7,-0.942511,0.836043,0.0131489,-0.490318
1.76543e+09,46,-0.95,0.65,-0.944707,0.784878,0.0213054,-0.485469
1.76543e+09,47,-0.95,0.6,-0.942926,0.73516,0.0153364,-0.487
1.76543e+09,48,-0.95,0.55,-0.938959,0.686736,0.00164145,-0.493848
1.76543e+09,49,-0.95,0.5,-0.945036,0.638306,0.0247189,-0.497607
1.76543e+09,50,-0.95,0.45,-0.946007,0.586867,0.0281994,-0.492122
1.76543e+09,51,-0.95,0.4,-0.944988,0.538054,0.0243969,-0.496723
1.76543e+09,52,-0.95,0.35,-0.942641,0.48909,0.0164004,-0.501157
1.76543e+09,53,-0.95,0.3,-0.940413,0.43192,0.0057561,-0.476129
1.76543e+09,54,-0.95,0.25,-0.942997,0.376959,0.0133998,-0.457549
1.76543e+09,55,-0.95,0.2,-0.939633,0.327615,0.00203339,-0.460923
1.76543e+09,56,-0.95,0.15,-0.945845,0.283681,0.0263912,-0.48076
1.76543e+09,57,-0.95,0.1,-0.941279,0.235564,0.0102128,-0.488933
1.76543e+09,58,-0.95,0.0500001,-0.946878,0.186992,0.0309096,-0.49233
1.76543e+09,59,-0.95,8.86619e-08,-0.951177,0.140938,0.0471699,-0.505197
1.76543e+09,60,-0.95,-0.0499999,-0.946891,0.0925471,0.0318881,-0.5123
1.76543e+09,61,-0.95,-0.0999999,-0.945472,0.0403158,0.0263228,-0.504714
1.76543e+09,62,-0.95,-0.15,-0.945063,-0.00560358,0.0253538,-0.519512
1.76543e+09,63,-0.95,-0.2,-0.944197,-0.0536158,0.0233531,-0.526879
1.76543e+09,64,-0.95,-0.25,-0.942603,-0.101393,0.0178106,-0.535351
1.76543e+09,65,-0.95,-0.3,-0.943129,-0.153599,0.0194736,-0.527263
1.76543e+09,66,-0.95,-0.35,-0.940578,-0.209509,0.00900755,-0.506823
1.76543e+09,67,-0.95,-0.4,-0.943917,-0.263994,0.0194997,-0.489724
1.76543e+09,68,-0.95,-0.45,-0.948294,-0.309864,0.036734,-0.503186
1.76543e+09,69,-0.95,-0.5,-0.949848,-0.362822,0.0413561,-0.492104
1.76543e+09,70,-0.95,-0.55,-0.949645,-0.413435,0.0406481,-0.489953
1.76543e+09,71,-0.95,-0.6,-0.947408,-0.460935,0.0336132,-0.499591
1.76543e+09,72,-0.95,-0.65,-0.944452,-0.512117,0.0227582,-0.496259
1.76543e+09,73,-0.95,-0.7,-0.947209,-0.56323,0.0322312,-0.491418
1.76543e+09,74,-0.95,-0.75,-0.941522,-0.61238,0.0121947,-0.496222
1.76543e+09,75,-0.95,-0.8,-0.944262,-0.65462,0.0244872,-0.523204
1.76543e+09,76,-0.95,-0.85,-0.940787,-0.706972,0.0114328,-0.515842
1.76543e+09,82,-0.95,-0.95,-0.949954,-0.812755,0,0
1.76543e+09,77,-0.95,-0.9,-0.948136,-0.847342,0,0
1.76543e+09,82,-0.95,-0.95,-0.944238,-0.847937,-0.00601401,-0.0724836
1.76543e+09,82,-0.95,-1,-0.940947,-0.851655,-0.00783773,-0.103982
1.76543e+09,82,-0.95,-1.05,-0.947159,-0.848339,-0.00317406,-0.14018
1.76543e+09,82,-0.95,-1.1,-0.946714,-0.852412,-0.00280684,-0.171417
1.76543e+09,82,-0.95,-1.15,-0.945577,-0.848521,-0.00373874,-0.208059
1.76543e+09,82,-0.95,-1.15,-0.942756,-0.849109,-0.00610664,-0.207667
1.76543e+09,82,-0.95,-1.15,-0.944052,-0.853306,-0.00566169,-0.204795
1.76543e+09,82,-0.95,-1.15,-0.947257,-0.853444,-0.00364405,-0.204683
1.76543e+09,82,-0.95,-1.15,-0.940839,-0.857115,-0.00811879,-0.202209
1.76543e+09,82,-0.95,-1.15,-0.940689,-0.857866,-0.00780752,-0.201716
1.76543e+09,82,-0.95,-1.15,-0.951169,-0.879193,-0.001836,-0.187153
1.76543e+09,82,-0.95,-1.15,-0.946005,-0.895262,-0.00483988,-0.176248
1.76543e+09,82,-0.95,-1.15,-0.944878,-0.918734,-0.00546092,-0.160299
1.76543e+09,82,-0.95,-1.15,-0.945884,-0.935211,-0.00492844,-0.149088
1.76543e+09,82,-0.95,-1.15,-0.938892,-0.950292,-0.00976393,-0.138859
1.76543e+09,82,-0.95,-1.15,-0.941624,-0.966298,-0.00809576,-0.127957
1.76543e+09,82,-0.95,-1.15,-0.949883,-0.980031,-0.00237547,-0.118595
1.76543e+09,82,-0.95,-1.15,-0.940526,-0.986487,-0.00881298,-0.114239
1.76543e+09,82,-0.95,-1.15,-0.944688,-0.998144,-0.00606761,-0.106295
1.76543e+09,82,-0.95,-1.15,-0.945321,-1.01544,-0.00558486,-0.094536
1.76543e+09,82,-0.95,-1.15,-0.943682,-1.01994,-0.00666629,-0.0914883
1.76543e+09,82,-0.95,-1.15,-0.942592,-1.03293,-0.00750557,-0.0826601
1.76543e+09,82,-0.95,-1.15,-0.942526,-1.04189,-0.00761387,-0.0765651
1.76543e+09,82,-0.95,-1.15,-0.94069,-1.04774,-0.00890155,-0.0725897
1.76543e+09,82,-0.95,-1.15,-0.943397,-1.05088,-0.00704424,-0.0704451
1.76543e+09,82,-0.95,-1.15,-0.945183,-1.06283,-0.00581859,-0.0623188
1.76543e+09,82,-0.95,-1.15,-0.945331,-1.06625,-0.00577979,-0.0599891
1.76543e+09,82,-0.95,-1.15,-0.948198,-1.07329,-0.00385685,-0.0551866
1.76543e+09,82,-0.95,-1.15,-0.949382,-1.08177,-0.0030896,-0.0494183
1.76543e+09,82,-0.95,-1.15,-0.951033,-1.09079,-0.00198008,-0.0432757
1.76543e+09,82,-0.95,-1.15,-0.945498,-1.09355,-0.00576964,-0.0414301
1.76543e+09,82,-0.95,-1.15,-0.945319,-1.09803,-0.00593152,-0.0383788
1.76543e+09,82,-0.95,-1.15,-0.946508,-1.10131,-0.0051337,-0.0361427
1.76543e+09,82,-0.95,-1.15,-0.942936,-1.10157,-0.0075704,-0.035984
1.76543e+09,82,-0.95,-1.15,-0.948028,-1.10486,-0.00409019,-0.0337244
1.76543e+09,82,-0.95,-1.15,-0.947568,-1.11101,-0.00442107,-0.0295472
1.76543e+09,82,-0.95,-1.15,-0.952252,-1.11792,-0.00125317,-0.0248257
1.76543e+09,82,-0.95,-1.15,-0.953136,-1.11985,-0.000649973,-0.023506
1.76543e+09,82,-0.95,-1.15,-0.950509,-1.12062,-0.00243832,-0.023001
1.76543e+09,82,-0.95,-1.15,-0.955273,-1.11713,0.000910139,-0.0253436
1.76543e+09,82,-0.95,-1.15,-0.950135,-1.1166,-0.00259824,-0.0257391
1.76543e+09,82,-0.95,-1.15,-0.954562,-1.11442,0.000437759,-0.0271942
1.76543e+09,82,-0.95,-1.15,-0.95134,-1.11249,-0.00171814,-0.0285246
1.76543e+09,82,-0.95,-1.15,-0.952566,-1.10983,-0.000749408,-0.0303308
1.76543e+09,82,-0.95,-1.15,-0.950729,-1.11562,-0.00207747,-0.0264057
1.76543e+09,82,-0.95,-1.15,-0.954502,-1.11575,0.000502519,-0.0262848
1.76543e+09,82,-0.95,-1.15,-0.94455,-1.11787,-0.00630623,-0.0249206
1.76543e+09,82,-0.95,-1.15,-0.952933,-1.12224,-0.000615145,-0.021888
1.76543e+09,82,-0.95,-1.15,-0.956713,-1.11996,0.00201693,-0.0234066
1.76543e+09,82,-0.95,-1.15,-0.955223,-1.11927,0.00104321,-0.0238861
1.76543e+09,82,-0.95,-1.15,-0.953253,-1.11766,-0.000257689,-0.024995
1.76543e+09,82,-0.95,-1.15,-0.951612,-1.121,-0.001391,-0.022739
1.76543e+09,82,-0.95,-1.15,-0.954506,-1.11538,0.000638892,-0.0265358
1.76543e+09,82,-0.95,-1.15,-0.954142,-1.11877,0.000400324,-0.024234
1.76543e+09,82,-0.95,-1.15,-0.9484,-1.12089,-0.0035346,-0.0228358
1.76543e+09,82,-0.95,-1.15,-0.951655,-1.12504,-0.00132899,-0.0199939
1.76543e+09,82,-0.95,-1.15,-0.951817,-1.12341,-0.0011869,-0.0210985
1.76543e+09,82,-0.95,-1.15,-0.95404,-1.1225,0.000364811,-0.021696
1.76543e+09,82,-0.95,-1.15,-0.952241,-1.12279,-0.000866942,-0.0215176
1.76543e+09,82,-0.95,-1.15,-0.949213,-1.12164,-0.00293179,-0.0223243
1.76543e+09,82,-0.95,-1.15,-0.949841,-1.12123,-0.00249315,-0.0225997
1.76543e+09,82,-0.95,-1.15,-0.949755,-1.12294,-0.00256841,-0.021434
1.76543e+09,82,-0.95,-1.15,-0.948955,-1.12365,-0.00313267,-0.0209548
1.76543e+09,82,-0.95,-1.15,-0.952276,-1.12299,-0.000862403,-0.0213784
1.76543e+09,82,-0.95,-1.15,-0.955027,-1.12491,0.00100431,-0.0200516
1.76543e+09,82,-0.95,-1.15,-0.952299,-1.12369,-0.000833518,-0.0209022
1.76543e+09,82,-0.95,-1.15,-0.954247,-1.12139,0.000549463,-0.022452
1.76543e+09,82,-0.95,-1.15,-0.954811,-1.12237,0.000951061,-0.0217787
1.76543e+09,82,-0.95,-1.15,-0.950662,-1.11987,-0.00183907,-0.0235131
1.76543e+09,82,-0.95,-1.15,-0.950707,-1.12029,-0.00180389,-0.0232267
1.76543e+09,82,-0.95,-1.15,-0.95287,-1.12021,-0.000316596,-0.0232649
1.76543e+09,82,-0.95,-1.15,-0.950953,-1.12379,-0.00164298,-0.0208408
1.76543e+09,82,-0.95,-1.15,-0.948014,-1.11936,-0.00362026,-0.023879
1.76543e+09,82,-0.95,-1.15,-0.951243,-1.12091,-0.0014018,-0.0227995
1.76543e+09,82,-0.95,-1.15,-0.954293,-1.12286,0.000678074,-0.0214465
1.76543e+09,82,-0.95,-1.15,-0.949211,-1.1234,-0.0028066,-0.0211203
1.76543e+09,82,-0.95,-1.15,-0.950404,-1.12369,-0.00200645,-0.0209123
1.76543e+09,82,-0.95,-1.15,-0.955422,-1.1212,0.00145278,-0.0225661
1.76543e+09,82,-0.95,-1.15,-0.95497,-1.12712,0.00112508,-0.0185463
1.76543e+09,82,-0.95,-1.15,-0.95326,-1.12196,1.8245e-05,-0.0220708
1.76543e+09,82,-0.95,-1.15,-0.951671,-1.12113,-0.00103774,-0.0226473
1.76543e+09,82,-0.95,-1.15,-0.950887,-1.1203,-0.00156704,-0.023214
1.76543e+09,82,-0.95,-1.15,-0.952309,-1.12266,-0.000602974,-0.0215985
1.76543e+09,82,-0.95,-1.15,-0.954432,-1.12127,0.0008783,-0.0225287
1.76543e+09,82,-0.95,-1.15,-0.95393,-1.12217,0.000560703,-0.0219203
1.76543e+09,82,-0.95,-1.15,-0.954058,-1.12319,0.000677812,-0.0212228
1.76543e+09,82,-0.95,-1.15,-0.948007,-1.12543,-0.00348921,-0.0197483
1.76543e+09,82,-0.95,-1.15,-0.952545,-1.12361,-0.000353492,-0.0209538
1.76543e+09,82,-0.95,-1.15,-0.950116,-1.12055,-0.00196932,-0.0230543
1.76543e+09,82,-0.95,-1.15,-0.951566,-1.12615,-0.00100581,-0.0192347
1.76543e+09,82,-0.95,-1.15,-0.950046,-1.12523,-0.00200469,-0.0198765
1.76543e+09,82,-0.95,-1.15,-0.954143,-1.1233,0.000858711,-0.0211462
1.76543e+09,82,-0.95,-1.15,-0.954616,-1.11926,0.00123961,-0.0238849
1.76543e+09,82,-0.95,-1.15,-0.954525,-1.12273,0.00117474,-0.0215295
1.76543e+09,82,-0.95,-1.15,-0.956059,-1.12528,0.0022278,-0.0197748
1.76543e+09,82,-0.95,-1.15,-0.952636,-1.12542,-0.000105315,-0.0197196
1.76543e+09,82,-0.95,-1.15,-0.952395,-1.11781,-0.00021313,-0.0248925
1.76543e+09,82,-0.95,-1.15,-0.95063,-1.11673,-0.00142263,-0.0256416
1.76543e+09,82,-0.95,-1.15,-0.946928,-1.12276,-0.00400599,-0.0215755
1.76543e+09,82,-0.95,-1.15,-0.949303,-1.12334,-0.00241394,-0.0211552
1.76543e+09,82,-0.95,-1.15,-0.946384,-1.12536,-0.0044492,-0.0198036
1.76543e+09,82,-0.95,-1.15,-0.947527,-1.12375,-0.00367903,-0.0208894
1.76543e+09,82,-0.95,-1.15,-0.94632,-1.12675,-0.00455161,-0.0188594
1.76543e+09,82,-0.95,-1.15,-0.956023,-1.12375,0.00211823,-0.0208296
1.76543e+09,82,-0.95,-1.15,-0.948474,-1.12207,-0.00301721,-0.0220254
1.76543e+09,82,-0.95,-1.15,-0.947444,-1.12438,-0.00371188,-0.0204674
1.76543e+09,82,-0.95,-1.15,-0.946876,-1.12476,-0.00412373,-0.0202164
1.76543e+09,82,-0.95,-1.15,-0.94091,-1.12767,-0.0082739,-0.0182841
1.76543e+09,82,-0.95,-1.15,-0.949399,-1.12956,0,0
1.76543e+09,82,-0.95,-1.15,-0.951283,-1.12996,-0.00121143,-0.0166448
1.76543e+09,82,-0.95,-1.15,-0.954178,-1.12832,0.000791295,-0.0177344
1.76543e+09,82,-0.95,-1.15,-0.955124,-1.12655,0.00146593,-0.0189297
1.76543e+09,82,-0.95,-1.15,-0.953233,-1.12874,0,0
1.76543e+09,82,-0.95,-1.15,-0.946694,-1.12641,-0.00419617,-0.0191113
1.76543e+09,82,-0.95,-1.15,-0.947798,-1.12795,-0.00347266,-0.018048
1.76543e+09,82,-0.95,-1.15,-0.952523,-1.12924,-0.000286032,-0.0171201
1.76543e+09,82,-0.95,-1.15,-0.95116,-1.12801,-0.00120001,-0.0179683
1.76543e+09,82,-0.95,-1.15,-0.95103,-1.12992,-0.00130651,-0.0166732
1.76543e+09,82,-0.95,-1.15,-0.948011,-1.12442,-0.00332064,-0.0204385
1.76543e+09,82,-0.95,-1.15,-0.95421,-1.12841,0,0
1.76543e+09,82,-0.95,-1.15,-0.954144,-1.12841,0.00085879,-0.0176689
1.76543e+09,82,-0.95,-1.15,-0.955854,-1.12914,0.00204928,-0.0171557
1.76543e+09,82,-0.95,-1.15,-0.952974,-1.12949,0.000114769,-0.0169438
1.76543e+09,82,-0.95,-1.15,-0.951752,-1.13001,-0.000708903,-0.0166026
1.76543e+09,82,-0.95,-1.15,-0.948951,-1.12664,-0.00258399,-0.0189237
1.76543e+09,82,-0.95,-1.15,-0.949894,-1.12813,-0.00195373,-0.0179043
1.76543e+09,82,-0.95,-1.15,-0.949347,-1.1256,-0.00229062,-0.0196304
1.76543e+09,82,-0.95,-1.15,-0.951384,-1.12574,-0.000896324,-0.0195134
1.76543e+09,82,-0.95,-1.15,-0.954616,-1.1266,0.00131641,-0.0188941
1.76543e+09,82,-0.95,-1.15,-0.956547,-1.1293,0.00264202,-0.0170411
1.76543e+09,82,-0.95,-1.15,-0.958114,-1.12447,0.00380083,-0.0203073
1.76543e+09,82,-0.95,-1.15,-0.954585,-1.12287,0.00142978,-0.0214287
1.76543e+09,82,-0.95,-1.15,-0.947316,-1.12451,-0.00355451,-0.0203844
1.76543e+09,82,-0.95,-1.15,-0.94837,-1.12345,-0.00283699,-0.0210924
1.76543e+09,82,-0.95,-1.15,-0.953858,-1.12553,0.000907524,-0.0196254
1.76543e+09,82,-0.95,-1.15,-0.950371,-1.12418,-0.00142483,-0.020581
1.76543e+09,82,-0.95,-1.15,-0.949401,-1.12583,-0.00209778,-0.0194715
1.76543e+09,82,-0.95,-1.15,-0.951501,-1.12853,-0.000688666,-0.0176138
1.76543e+09,82,-0.95,-1.15,-0.954932,-1.12836,0,0
1.76543e+09,82,-0.95,-1.15,-0.949755,-1.12319,-0.00180534,-0.0212635
1.76543e+09,82,-0.95,-1.15,-0.948893,-1.12792,-0.0024246,-0.0180552
1.76543e+09,82,-0.95,-1.15,-0.949638,-1.12965,-0.00191253,-0.016876
1.76543e+09,82,-0.95,-1.15,-0.944598,-1.12838,-0.00534126,-0.0178044
1.76543e+09,82,-0.95,-1.15,-0.948579,-1.12787,-0.00263461,-0.0181035
1.76543e+09,82,-0.95,-1.15,-0.94848,-1.12723,-0.00272591,-0.0185344
1.76543e+09,82,-0.95,-1.15,-0.947027,-1.12834,-0.00376901,-0.0177908
1.76543e+09,82,-0.95,-1.15,-0.949475,-1.12938,-0.00211168,-0.0170566
1.76543e+09,82,-0.95,-1.15,-0.949269,-1.12967,-0.00226016,-0.016864
1.76543e+09,82,-0.95,-1.15,-0.950757,-1.12876,-0.00122343,-0.0174637
1.76543e+09,82,-0.95,-1.15,-0.949433,-1.12896,-0.00210233,-0.0173468
1.76543e+09,82,-0.95,-1.15,-0.9522,-1.12998,0,0
timestamp,index,target_posx,target_posy,current_posx,current_posy,Vx,Vy
1.76543e+09,1,-1,-1.1,-0.953886,-1.13615,-0.168665,0.126665
1.76543e+09,2,-1,-1.05,-0.955729,-1.13303,-0.16561,0.295494
1.76543e+09,3,-1,-1,-0.949054,-1.1371,-0.193303,0.489766
1.76543e+09,4,-1,-0.95,-0.953123,-1.13736,-0.182066,0.671043
1.76543e+09,5,-1,-0.9,-0.952752,-1.12973,-0.187236,0.823331
1.76543e+09,6,-1,-0.85,-0.95274,-1.12647,-0.189982,0.981788
1.76543e+09,7,-1,-0.8,-0.953777,-1.13038,-0.163815,0.986491
1.76543e+09,8,-1,-0.75,-0.952628,-1.13268,-0.151733,0.988421
1.76543e+09,9,-1,-0.7,-0.950817,-1.13017,-0.145575,0.989347
1.76543e+09,10,-1,-0.65,-0.953794,-1.13501,-0.128328,0.991732
1.76543e+09,11,-1,-0.6,-0.953311,-1.13563,-0.120783,0.992679
1.76543e+09,12,-1,-0.55,-0.948221,-1.12647,-0.122444,0.992475
1.76543e+09,13,-1,-0.5,-0.955467,-1.10303,-0.104524,0.994522
1.76543e+09,14,-1,-0.45,-0.959168,-1.06397,-0.0949358,0.995483
1.76543e+09,15,-1,-0.4,-0.966114,-1.00538,-0.0812102,0.996697
1.76543e+09,16,-1,-0.35,-0.97709,-0.937027,-0.0616232,0.9981
1.76543e+09,17,-1,-0.3,-0.985688,-0.859601,-0.0442281,0.999021
1.76543e+09,18,-1,-0.25,-0.992011,-0.75424,-0.033344,0.999444
1.76543e+09,19,-1,-0.2,-0.995049,-0.65475,-0.0262256,0.999656
1.76543e+09,20,-1,-0.15,-1.00107,-0.559109,-0.0127172,0.999919
1.76543e+09,21,-1,-0.0999999,-1.00076,-0.457124,-0.0141441,0.9999
1.76543e+09,22,-1,-0.0499999,-1.00772,-0.352645,0.010597,0.999944
1.76543e+09,23,-1,8.86619e-08,-1.00993,-0.253874,0.0230454,0.914353
1.76543e+09,24,-1,0.0500001,-1.0202,-0.158187,0.0617733,0.750455
1.76543e+09,25,-1,0.1,-1.01059,-0.0672002,0.0309333,0.602333
1.76543e+09,26,-1,0.15,-1.00897,0.010814,0.0253254,0.50147
1.76543e+09,27,-1,0.2,-1.0061,0.0641927,0.0162927,0.489128
1.76543e+09,28,-1,0.25,-0.995988,0.117567,-0.0189568,0.476601
1.76543e+09,29,-1,0.3,-1.00562,0.159188,0.0160766,0.507073
1.76543e+09,30,-1,0.35,-1.0053,0.207886,0.0146453,0.511757
1.76543e+09,31,-1,0.4,-1.01336,0.257063,0.0441414,0.514927
1.76543e+09,32,-1,0.45,-1.00576,0.310787,0.0173387,0.501296
1.76543e+09,33,-1,0.5,-1.00305,0.367336,0.0081951,0.477647
1.76543e+09,34,-1,0.55,-1.0091,0.415176,0.0300159,0.485547
1.76543e+09,35,-1,0.6,-1.01179,0.470262,0.0407424,0.467208
1.76543e+09,36,-1,0.65,-1.02007,0.521565,0.0700517,0.462707
1.76543e+09,37,-1,0.7,-1.01638,0.570239,0.0576257,0.467305
1.76543e+09,38,-1,0.75,-1.00581,0.613527,0.0197023,0.491353
1.76543e+09,39,-1,0.8,-0.998114,0.661691,-0.00815847,0.497893
1.76543e+09,40,-1,0.85,-1.00233,0.709889,0.00802399,0.504405
1.76543e+09,41,-1,0.9,-1.00043,0.763619,0.000285576,0.490975
1.76543e+09,42,-1,0.95,-1.00608,0.815645,0.0205082,0.48374
1.76543e+09,43,-1,1,-1.0077,0.86779,0.0257069,0.476071
1.76543e+09,44,-1,1.05,-1.00758,0.918684,0.025477,0.472838
1.76543e+09,45,-1,1.1,-1.00892,0.965301,0.0299946,0.485052
1.76543e+09,46,-1,1.15,-1.00656,1.01159,0.0212739,0.498385
1.76543e+09,47,-1,1.2,-1.00589,1.05853,0.019295,0.509361
1.76543e+09,48,-1,1.25,-1.00265,1.11217,0.00776544,0.496236
1.76543e+09,49,-1,1.3,-0.997795,1.16594,-0.00976437,0.482578
1.76543e+09,50,-1,1.35,-0.992362,1.20867,-0.0288138,0.508714
1.76543e+09,51,-1,1.4,-0.999646,1.25341,-0.00323062,0.527716
1.76543e+09,52,-1,1.45,-0.997113,1.30563,-0.0121899,0.519699
1.76543e+09,53,-1,1.5,-1.00366,1.35802,0.0120334,0.511167
1.76543e+09,54,-1,1.55,-1.00906,1.4089,0.0317719,0.508019
1.76543e+09,55,-1,1.6,-1.01196,1.46485,0.0424331,0.486582
1.76543e+09,56,-1,1.65,-1.00898,1.51468,0.0316595,0.487186
1.76543e+09,57,-1,1.7,-1.00823,1.56574,0.0288825,0.483398
1.76543e+09,58,-1,1.75,-1.00409,1.61489,0.0137393,0.486419
1.76543e+09,59,-1,1.8,-1.01031,1.66403,0.0356742,0.489609
1.76543e+09,60,-1,1.85,-1.00679,1.70865,0.0234715,0.508889
1.76543e+09,61,-1,1.9,-1.00294,1.75993,0.00934188,0.504278
1.76543e+09,62,-1,1.95,-1.00328,1.81163,0.0107554,0.498171
1.76543e+09,63,-1,2,-1.00282,1.86622,0.00889938,0.481637
1.76543e+09,64,-1,2.05,-1.00285,1.91481,0.00944282,0.486694
1.76543e+09,65,-1,2.1,-1.01088,1.95983,0.0382829,0.504668
1.76543e+09,66,-1,2.15,-1.00766,2.00277,0.0270667,0.530063
1.76543e+09,67,-1,2.2,-1.00652,2.05258,0.0230897,0.53073
1.76543e+09,68,-1,2.25,-1.00609,2.10466,0.0217204,0.523247
1.76543e+09,69,-1,2.3,-1.00598,2.16011,0.0212121,0.503629
1.76543e+09,70,-1,2.35,-1.00745,2.21696,0.0260915,0.478996
1.76543e+09,71,-1,2.4,-1.00593,2.26915,0.0208314,0.471096
1.76543e+09,72,-1,2.45,-1.01075,2.31468,0.0382062,0.487193
1.76543e+09,73,-1,2.5,-1.00787,2.35969,0.0280093,0.505125
1.76543e+09,74,-1,2.55,-1.00348,2.40532,0.0121028,0.520847
1.76543e+09,75,-1,2.6,-1.0012,2.46373,0.00388054,0.490574
1.76543e+09,76,-1,2.65,-1.00354,2.51134,0.0127851,0.499185
1.76543e+09,77,-1,2.7,-1.00239,2.55824,0.00902844,0.51032
1.76543e+09,82,-1,2.75,-0.99844,2.60519,-0.00188159,0.101475
1.76543e+09,82,-1,2.8,-1.0058,2.653,0.00318708,0.102957
1.76543e+09,82,-1,2.85,-1.01406,2.68291,0.00858693,0.116631
1.76543e+09,82,-1,2.9,-1.00627,2.68681,0.00367546,0.147968
1.76543e+09,82,-1,2.95,-1.01124,2.69884,0.00695544,0.17379
1.76543e+09,82,-1,2.95,-1.0128,2.71428,0.00815731,0.163289
1.76543e+09,82,-1,2.95,-1.00696,2.73285,0.00433377,0.150658
1.76543e+09,82,-1,2.95,-1.00431,2.7467,0.00258884,0.141238
1.76543e+09,82,-1,2.95,-1.00384,2.75993,0.00230627,0.132246
1.76543e+09,82,-1,2.95,-1.00635,2.77214,0.00394256,0.123938
1.76543e+09,82,-1,2.95,-1.00937,2.78795,0.00615382,0.113179
1.76543e+09,82,-1,2.95,-1.0142,2.79893,0.00941777,0.105714
1.76543e+09,82,-1,2.95,-1.01521,2.80871,0.0101633,0.0990682
1.76543e+09,82,-1,2.95,-1.00635,2.81951,0.004258,0.0917234
1.76543e+09,82,-1,2.95,-1.00707,2.82552,0.00486054,0.0876305
1.76543e+09,82,-1,2.95,-1.00975,2.83843,0.00675222,0.0788441
1.76543e+09,82,-1,2.95,-1.00929,2.84838,0.00636991,0.0720915
1.76543e+09,82,-1,2.95,-1.0078,2.85648,0.0054279,0.0665831
1.76543e+09,82,-1,2.95,-1.0035,2.8641,0.00255946,0.0614034
1.76543e+09,82,-1,2.95,-1.00586,2.86579,0.00418907,0.0602531
1.76543e+09,82,-1,2.95,-1.00552,2.8742,0.00398882,0.0545287
1.76543e+09,82,-1,2.95,-1.00468,2.87722,0.00346217,0.0524768
1.76543e+09,82,-1,2.95,-1.00463,2.88375,0.00338932,0.0480429
1.76543e+09,82,-1,2.95,-1.0068,2.89182,0.00489486,0.0425484
1.76543e+09,82,-1,2.95,-1.00588,2.89636,0.00427831,0.0394659
1.76543e+09,82,-1,2.95,-1.00476,2.89941,0.00353993,0.0373906
1.76543e+09,82,-1,2.95,-1.00332,2.90068,0.00258057,0.0365323
1.76543e+09,82,-1,2.95,-1.00776,2.90559,0.00563808,0.0331868
1.76543e+09,82,-1,2.95,-1.00672,2.90841,0.00496657,0.0312721
1.76543e+09,82,-1,2.95,-1.00127,2.9109,0.00128044,0.0295821
1.76543e+09,82,-1,2.95,-1.00261,2.91904,0.00218187,0.0240475
1.76543e+09,82,-1,2.95,-1.00378,2.91967,0.00299032,0.0236149
1.76543e+09,82,-1,2.95,-1.00714,2.92088,0.00533016,0.022787
1.76543e+09,82,-1,2.95,-1.00372,2.92356,0.00302154,0.0209731
1.76543e+09,82,-1,2.95,-1.00545,2.92662,0.00423878,0.0188878
1.76543e+09,82,-1,2.95,-1.00438,2.92651,0.00353097,0.0189621
1.76543e+09,82,-1,2.95,-1.00351,2.92616,0.00295756,0.0192038
1.76543e+09,82,-1,2.95,-1.00213,2.92903,0.00201833,0.0172521
timestamp,index,target_posx,target_posy,current_posx,current_posy,Vx,Vy
1.76543e+09,1,-1,2.85,-1.00075,2.93554,-0.00378313,-0.307927
1.76543e+09,2,-1,2.8,-0.997693,2.93438,-0.0187078,-0.483485
1.76543e+09,3,-1,2.75,-1,2.93652,-0.0147182,-0.671305
1.76543e+09,4,-1,2.7,-1.00411,2.93265,-0.00507914,-0.837663
1.76543e+09,5,-1,2.65,-0.999293,2.93389,-0.0271189,-0.999632
1.76543e+09,6,-1,2.6,-1.00052,2.93376,-0.023462,-0.999725
1.76543e+09,7,-1,2.55,-1.0025,2.93567,-0.0182072,-0.999834
1.76543e+09,8,-1,2.5,-1.00357,2.93495,-0.0155382,-0.999879
1.76543e+09,9,-1,2.45,-0.998815,2.93645,-0.026142,-0.999658
1.76543e+09,10,-1,2.4,-1.00035,2.9283,-0.0203026,-0.999794
1.76543e+09,11,-1,2.35,-1.00399,2.89915,-0.0146437,-0.999893
1.76543e+09,12,-1,2.3,-0.99545,2.85732,-0.0305011,-0.999535
1.76543e+09,13,-1,2.25,-0.988959,2.79941,-0.0427404,-0.999086
1.76543e+09,14,-1,2.2,-0.98633,2.72668,-0.0486456,-0.998816
1.76543e+09,15,-1,2.15,-0.986764,2.64346,-0.0504526,-0.998726
1.76543e+09,16,-1,2.1,-0.983691,2.54753,-0.0583484,-0.998296
1.76543e+09,17,-1,2.05,-0.983882,2.44693,-0.0638718,-0.997958
1.76543e+09,18,-1,2,-0.981993,2.33685,-0.0755719,-0.99714
1.76543e+09,19,-1,1.95,-0.972999,2.23787,-0.113296,-0.993561
1.76543e+09,20,-1,1.9,-0.974394,2.13631,-0.108652,-0.848778
1.76543e+09,21,-1,1.85,-0.978391,2.03696,-0.0916695,-0.671308
1.76543e+09,22,-1,1.8,-0.98422,1.95443,-0.0682571,-0.554676
1.76543e+09,23,-1,1.75,-0.99163,1.89101,-0.0418012,-0.506798
1.76543e+09,24,-1,1.7,-0.999119,1.84284,-0.0134867,-0.514071
1.76543e+09,25,-1,1.65,-1.00548,1.78834,0.0100204,-0.49833
1.76543e+09,26,-1,1.6,-0.993704,1.74055,-0.0335807,-0.505366
1.76543e+09,27,-1,1.55,-1.00006,1.68627,-0.0103724,-0.490455
1.76543e+09,28,-1,1.5,-0.99043,1.64168,-0.0445201,-0.509268
1.76543e+09,29,-1,1.45,-0.994383,1.58594,-0.0301276,-0.488877
1.76543e+09,30,-1,1.4,-0.992276,1.5338,-0.0366476,-0.481097
1.76543e+09,31,-1,1.35,-0.992718,1.49058,-0.0350772,-0.505555
1.76543e+09,32,-1,1.3,-0.990056,1.44228,-0.0446517,-0.511527
1.76543e+09,33,-1,1.25,-0.986543,1.38685,-0.0571323,-0.491737
1.76543e+09,34,-1,1.2,-0.990326,1.33444,-0.0430178,-0.483311
1.76543e+09,35,-1,1.15,-0.991247,1.28802,-0.0399777,-0.496265
1.76543e+09,36,-1,1.1,-0.997673,1.23923,-0.0175635,-0.500986
1.76543e+09,37,-1,1.05,-0.999843,1.18694,-0.00944065,-0.492905
1.76543e+09,38,-1,1,-0.993676,1.14711,-0.0318977,-0.529123
1.76543e+09,39,-1,0.95,-1.00295,1.09033,0.0020211,-0.505304
1.76543e+09,40,-1,0.9,-0.99092,1.04315,-0.0420526,-0.514661
1.76543e+09,41,-1,0.85,-0.992908,0.987153,-0.0344614,-0.493207
1.76543e+09,42,-1,0.8,-0.993429,0.931092,-0.0318026,-0.471451
1.76543e+09,43,-1,0.75,-0.996757,0.880017,-0.0201665,-0.467771
1.76543e+09,44,-1,0.7,-0.99578,0.836227,-0.0229531,-0.490116
1.76543e+09,45,-1,0.65,-0.989741,0.793493,-0.0451192,-0.515925
1.76543e+09,46,-1,0.6,-0.992425,0.741098,-0.0350225,-0.507475
1.76543e+09,47,-1,0.55,-0.997902,0.68703,-0.0142169,-0.49316
1.76543e+09,48,-1,0.5,-1.00236,0.632944,0.0022037,-0.478667
1.76543e+09,49,-1,0.45,-1.00624,0.580275,0.0170161,-0.46922
1.76543e+09,50,-1,0.4,-0.998793,0.538047,-0.00940807,-0.4969
1.76543e+09,51,-1,0.35,-0.995681,0.487882,-0.0204192,-0.496197
1.76543e+09,52,-1,0.3,-0.9839,0.429332,-0.0614793,-0.465143
1.76543e+09,53,-1,0.25,-0.981222,0.372679,-0.071466,-0.441037
1.76543e+09,54,-1,0.2,-0.983217,0.326392,-0.0644383,-0.45446
1.76543e+09,55,-1,0.15,-0.986459,0.283103,-0.0523528,-0.47879
1.76543e+09,56,-1,0.1,-0.993534,0.239022,-0.0268484,-0.500298
1.76543e+09,57,-1,0.0500001,-0.995703,0.195454,-0.0188549,-0.523523
1.76543e+09,58,-1,8.86619e-08,-1.00104,0.139765,0.000304638,-0.503168
1.76543e+09,59,-1,-0.0499999,-0.994194,0.0881841,-0.0252257,-0.497262
1.76543e+09,60,-1,-0.0999999,-1.00278,0.0482709,0.00751807,-0.533816
1.76543e+09,61,-1,-0.15,-1.0001,0.0454711,-0.00202379,-0.703693
1.76543e+09,62,-1,-0.2,-0.999528,0.0519666,-0.00569778,-0.907063
1.76543e+09,63,-1,-0.25,-0.999799,0.0475835,-0.00682528,-0.999977
1.76543e+09,64,-1,-0.3,-0.997113,0.0529113,-0.0126463,-0.99992
1.76543e+09,65,-1,-0.35,-1.00161,0.0551932,-0.000219757,-1
1.76543e+09,66,-1,-0.4,-1.00283,0.0534955,0.00136203,-0.999999
1.76543e+09,67,-1,-0.45,-1.00305,0.0496636,0.00186067,-0.999998
1.76543e+09,68,-1,-0.5,-1.00247,0.0485182,-4.30005e-05,-1
1.76543e+09,69,-1,-0.55,-0.998782,0.0516786,-0.0071414,-0.999974
1.76543e+09,70,-1,-0.6,-1.00071,0.0510516,-0.00400841,-0.999992
1.76543e+09,71,-1,-0.65,-1.00149,0.0491258,-0.00334017,-0.999994
1.76543e+09,72,-1,-0.7,-1.00211,0.0536561,-0.00278839,-0.999996
1.76543e+09,73,-1,-0.75,-1.00023,0.0485695,-0.00484573,-0.999988
1.76543e+09,74,-1,-0.8,-0.998928,0.0439061,-0.00236175,-0.999997
1.76543e+09,75,-1,-0.85,-1.00264,0.0213372,-0.00124112,-0.999999
1.76543e+09,76,-1.05,-0.85,-0.995368,-0.0187275,-0.0700752,-0.997542
1.76543e+09,81,-1.05,-0.9,-0.992188,-0.0763333,-0.0436562,-0.562944
1.76543e+09,81,-1.05,-0.95,-0.991054,-0.14479,-0.0447456,-0.550389
1.76543e+09,81,-1.05,-1,-0.991188,-0.214151,-0.046508,-0.537085
1.76543e+09,81,-1.05,-1.05,-0.990964,-0.26293,-0.0446387,-0.538086
1.76543e+09,81,-1.05,-1.1,-1.001,-0.323814,-0.0387036,-0.530638
1.76543e+09,81,-1.05,-1.1,-1.00037,-0.37402,-0.0392421,-0.496476
1.76543e+09,81,-1.05,-1.1,-1.00708,-0.4245,-0.0342956,-0.462188
1.76543e+09,81,-1.05,-1.1,-1.00378,-0.478725,-0.0368523,-0.425264
1.76543e+09,81,-1.05,-1.1,-1.0003,-0.524505,-0.0387668,-0.394148
1.76543e+09,81,-1.05,-1.1,-1.00627,-0.567669,-0.0345121,-0.364821
1.76543e+09,81,-1.05,-1.1,-1.00961,-0.600422,-0.0312607,-0.342641
1.76543e+09,81,-1.05,-1.1,-1.01142,-0.634632,-0.0306978,-0.319313
1.76543e+09,81,-1.05,-1.1,-1.01464,-0.670269,-0.0280518,-0.295123
1.76543e+09,81,-1.05,-1.1,-1.01719,-0.700342,-0.0264041,-0.274665
1.76543e+09,81,-1.05,-1.1,-1.01695,-0.729669,-0.0264292,-0.254728
1.76543e+09,81,-1.05,-1.1,-1.01752,-0.756097,-0.0257771,-0.236779
1.76543e+09,81,-1.05,-1.1,-1.02357,-0.782553,-0.0216856,-0.218795
1.76543e+09,81,-1.05,-1.1,-1.02851,-0.810844,-0.0181493,-0.199579
1.76543e+09,81,-1.05,-1.1,-1.03153,-0.831809,-0.0160761,-0.185326
1.76543e+09,81,-1.05,-1.1,-1.02787,-0.844709,-0.0175206,-0.176651
1.76543e+09,81,-1.05,-1.1,-1.02644,-0.84877,-0.0187051,-0.17387
1.76543e+09,81,-1.05,-1.1,-1.02834,-0.842131,-0.0169708,-0.178425
1.76543e+09,81,-1.05,-1.1,-1.02768,-0.8422,-0.0171401,-0.178407
1.76543e+09,81,-1.05,-1.1,-1.02452,-0.842104,-0.0192026,-0.178494
1.76543e+09,81,-1.05,-1.1,-1.02451,-0.844556,-0.0193264,-0.176814
1.76543e+09,81,-1.05,-1.1,-1.02169,-0.851197,-0.0213859,-0.172295
1.76543e+09,81,-1.05,-1.1,-1.01684,-0.84835,-0.0246573,-0.174251
1.76543e+09,81,-1.05,-1.1,-1.01809,-0.844648,-0.0240658,-0.176727
1.76543e+09,81,-1.05,-1.1,-1.02025,-0.856305,-0.02252,-0.168808
1.76543e+09,81,-1.05,-1.1,-1.02542,-0.857907,-0.0190562,-0.167699
1.76543e+09,81,-1.05,-1.1,-1.03232,-0.848245,-0.0142654,-0.174257
1.76543e+09,81,-1.05,-1.1,-1.02697,-0.852217,-0.0179771,-0.171565
1.76543e+09,81,-1.05,-1.1,-1.01825,-0.851531,-0.0239518,-0.172049
1.76543e+09,81,-1.05,-1.1,-1.01657,-0.855671,-0.0250791,-0.169242
1.76543e+09,81,-1.05,-1.1,-1.01922,-0.849135,-0.0232237,-0.173684
1.76543e+09,81,-1.05,-1.1,-1.02009,-0.849255,-0.022633,-0.1736
1.76543e+09,81,-1.05,-1.1,-1.02375,-0.846597,-0.0200865,-0.175403
1.76543e+09,81,-1.05,-1.1,-1.02447,-0.847663,-0.0196258,-0.174673
1.76543e+09,81,-1.05,-1.1,-1.02009,-0.851053,-0.0226253,-0.172379
1.76543e+09,81,-1.05,-1.1,-1.02087,-0.850557,-0.0220893,-0.172715
1.76543e+09,81,-1.05,-1.1,-1.02095,-0.850499,-0.0219881,-0.17276
1.76543e+09,81,-1.05,-1.1,-1.02449,-0.851504,-0.019599,-0.172064
1.76543e+09,81,-1.05,-1.1,-1.02417,-0.849862,-0.0198634,-0.173176
timestamp,index,target_posx,target_posy,current_posx,current_posy,Vx,Vy
1.76543e+09,1,-1,-0.9,-1.02548,-0.846044,0.0925836,-0.193837
1.76543e+09,2,-1,-0.85,-1.02629,-0.851144,0.0946284,0.00453564
1.76543e+09,3,-1,-0.8,-1.02805,-0.848619,0.100065,0.175563
1.76543e+09,4,-1,-0.75,-1.02395,-0.84912,0.0834769,0.357487
1.76543e+09,5,-1,-0.7,-1.02163,-0.852762,0.0726577,0.550657
1.76543e+09,6,-1,-0.65,-1.02135,-0.851382,0.0681209,0.725846
1.76543e+09,7,-1,-0.6,-1.01503,-0.850049,0.0385188,0.900977
1.76543e+09,8,-1,-0.55,-1.01843,-0.857632,0.031289,0.99951
1.76543e+09,9,-1,-0.5,-1.01505,-0.85282,0.00357369,0.999994
1.76543e+09,10,-1,-0.45,-1.01773,-0.850223,0.00182327,0.999998
1.76543e+09,11,-1,-0.4,-1.0182,-0.847983,-0.0029552,0.999996
1.76543e+09,12,-1,-0.35,-1.02113,-0.849221,-0.00214915,0.999998
1.76543e+09,13,-1,-0.3,-1.01837,-0.833951,-0.00971696,0.999953
1.76543e+09,14,-1,-0.25,-1.01603,-0.802716,-0.0149243,0.999889
1.76543e+09,15,-1,-0.2,-1.01493,-0.755201,-0.0161755,0.999869
1.76543e+09,16,-1,-0.15,-1.01297,-0.694876,-0.0217654,0.999763
1.76543e+09,17,-1,-0.0999999,-1.01301,-0.61323,-0.0188405,0.999822
1.76543e+09,18,-1,-0.0499999,-1.01097,-0.516652,-0.0216638,0.999765
1.76543e+09,19,-1,8.86619e-08,-1.01212,-0.408035,-0.0154392,0.999881
1.76543e+09,20,-1,0.0500001,-1.01182,-0.309482,-0.0125375,0.999921
1.76543e+09,21,-1,0.1,-1.0109,-0.205467,-0.0112875,0.999936
1.76543e+09,22,-1,0.15,-1.01337,-0.11216,0.00538344,0.944988
1.76543e+09,23,-1,0.2,-1.0179,-0.0191458,0.0283932,0.791045
1.76543e+09,24,-1,0.25,-1.01208,0.0720535,0.0157979,0.641889
1.76543e+09,25,-1,0.3,-1.00846,0.163424,0.00848167,0.492543
1.76543e+09,26,-1,0.35,-1.00665,0.246095,0.00845816,0.37473
1.76543e+09,27,-1,0.4,-1.00665,0.309802,0.00987734,0.325445
1.76543e+09,28,-1,0.45,-1.0063,0.356576,0.00901882,0.336971
1.76543e+09,29,-1,0.5,-0.998751,0.387067,-0.0212458,0.406029
1.76543e+09,30,-1,0.55,-1.00139,0.415082,-0.013433,0.485546
1.76543e+09,31,-1,0.6,-1.00033,0.450272,-0.0183994,0.538709
1.76543e+09,32,-1,0.65,-1.00295,0.497188,-0.00945018,0.550147
1.76543e+09,33,-1,0.7,-1.00568,0.545962,-0.00171073,0.55491
1.76543e+09,34,-1,0.75,-1.01625,0.605418,0.0370581,0.522462
1.76543e+09,35,-1,0.8,-1.01139,0.660164,0.0211699,0.504631
1.76543e+09,36,-1,0.85,-1.01072,0.718437,0.0204985,0.474754
1.76543e+09,37,-1,0.9,-1.01092,0.768483,0.0211419,0.47462
1.76543e+09,38,-1,0.95,-1.00459,0.819934,-0.00130739,0.468527
1.76543e+09,39,-1,1,-1.00531,0.865145,0.000274904,0.485855
1.76543e+09,40,-1,1.05,-0.998155,0.910972,-0.0257922,0.499882
1.76543e+09,41,-1,1.1,-0.993349,0.962523,-0.0434538,0.493587
1.76543e+09,42,-1,1.15,-1.00045,1.01414,-0.0180795,0.488771
1.76543e+09,43,-1,1.2,-1.00273,1.06618,-0.00971385,0.48175
1.76543e+09,44,-1,1.25,-1.0045,1.11287,-0.00337352,0.493914
1.76543e+09,45,-1,1.3,-1.00428,1.16592,-0.003199,0.482913
1.76543e+09,46,-1,1.35,-1.00644,1.20846,0.00365578,0.510049
1.76543e+09,47,-1,1.4,-1.00218,1.26062,-0.0114266,0.501702
1.76543e+09,48,-1,1.45,-0.999624,1.30277,-0.0218926,0.529567
1.76543e+09,49,-1,1.5,-1.00411,1.3543,-0.00543141,0.524705
1.76543e+09,50,-1,1.55,-1.00444,1.40916,-0.0040411,0.507262
1.76543e+09,51,-1,1.6,-1.01016,1.4588,0.0162301,0.509393
1.76543e+09,52,-1,1.65,-1.00766,1.51353,0.00857312,0.491999
1.76543e+09,53,-1,1.7,-1.0078,1.56537,0.00993883,0.485362
1.76543e+09,54,-1,1.75,-1.00674,1.61872,0.00593783,0.473183
1.76543e+09,55,-1,1.8,-1.00572,1.66622,0.00213563,0.482028
1.76543e+09,56,-1,1.85,-1.00399,1.7216,-0.00348514,0.462439
1.76543e+09,57,-1,1.9,-1.00158,1.76608,-0.0132869,0.481975
1.76543e+09,58,-1,1.95,-1.0029,1.8112,-0.0094576,0.499697
1.76543e+09,59,-1,2,-1.00699,1.85213,0.00400798,0.532895
1.76543e+09,60,-1,2.05,-1.00373,1.90159,-0.00690571,0.534388
1.76543e+09,61,-1,2.1,-1.01083,1.95063,0.0183254,0.538843
1.76543e+09,62,-1,2.15,-1.01103,2.00755,0.0193642,0.513993
1.76543e+09,63,-1,2.2,-1.00892,2.0554,0.0116615,0.521411
1.76543e+09,64,-1,2.25,-1.00327,2.11212,-0.00721285,0.496451
1.76543e+09,65,-1,2.3,-1.00355,2.16201,-0.00638176,0.496897
1.76543e+09,66,-1,2.35,-1.00682,2.21683,0.0063683,0.480016
1.76543e+09,67,-1,2.4,-1.00575,2.2591,0.00127168,0.507657
1.76543e+09,68,-1,2.45,-1.00355,2.31279,-0.00571876,0.494076
1.76543e+09,69,-1,2.5,-0.998294,2.36336,-0.0233854,0.491373
1.76543e+09,70,-1,2.55,-1.00404,2.40936,-0.00431012,0.50651
1.76543e+09,71,-1,2.6,-1.00656,2.46045,0.0052695,0.50289
1.76543e+09,76,-1,2.65,-1.00609,2.51138,0.00369614,0.0974535
1.76543e+09,76,-1,2.7,-1.00483,2.56233,0.00290228,0.0967734
1.76543e+09,76,-1,2.75,-1.00988,2.60693,0.00598173,0.100582
1.76543e+09,76,-1,2.8,-1.01085,2.62486,0.0057997,0.122399
1.76543e+09,76,-1,2.85,-1.00977,2.63448,0.00417679,0.149806
1.76543e+09,76,-1,2.85,-1.00308,2.64069,1.3358e-05,0.145418
1.76543e+09,76,-1,2.85,-1.00959,2.65884,0.00477046,0.133245
1.76543e+09,76,-1,2.85,-1.00114,2.66805,-0.000755645,0.126779
1.76543e+09,76,-1,2.85,-1.0037,2.67396,0.00118124,0.122826
1.76543e+09,76,-1,2.85,-1.00142,2.69108,6.9777e-05,0.111136
1.76543e+09,76,-1,2.85,-1.0051,2.70233,0.00286351,0.103581
1.76543e+09,76,-1,2.85,-1.00405,2.71222,0.00238049,0.0968293
1.76543e+09,76,-1,2.85,-1.00804,2.72434,0.00537331,0.0886931
1.76543e+09,76,-1,2.85,-1.0089,2.73258,0.00611526,0.0831163
1.76543e+09,76,-1,2.85,-1.00867,2.74364,0.00631233,0.0755836
1.76543e+09,76,-1,2.85,-1.00848,2.75238,0.0063473,0.069645
1.76543e+09,76,-1,2.85,-1.00548,2.75983,0.00448146,0.0645089
1.76543e+09,76,-1,2.85,-1.00305,2.77064,0.00309977,0.0571048
1.76543e+09,76,-1,2.85,-1.00515,2.77618,0.00465164,0.053389
1.76543e+09,76,-1,2.85,-1.00282,2.78018,0.00310496,0.0506215
1.76543e+09,76,-1,2.85,-1.00356,2.78587,0.00378095,0.0467733
1.76543e+09,76,-1,2.85,-1.00079,2.79246,0.00206889,0.0422284
1.76543e+09,76,-1,2.85,-1.00254,2.79613,0.00335185,0.0397712
1.76543e+09,76,-1,2.85,-1.00233,2.80281,0.00333029,0.0352312
1.76543e+09,76,-1,2.85,-0.995397,2.80517,-0.0013041,0.0334581
1.76543e+09,76,-1,2.85,-0.999942,2.80748,0.00182176,0.0319995
1.76543e+09,76,-1,2.85,-1.00314,2.81082,0.00407995,0.0298082
1.76543e+09,76,-1,2.85,-0.998626,2.80699,0.000899073,0.0322975
1.76543e+09,76,-1,2.85,-0.997388,2.81563,0.000246005,0.0264005
1.76543e+09,76,-1,2.85,-0.997979,2.81683,0.000672288,0.0255975
1.76543e+09,76,-1,2.85,-0.999294,2.82212,0.00169858,0.0220319
1.76543e+09,76,-1,2.85,-1.00079,2.82242,0.0026727,0.0218712
1.76543e+09,76,-1,2.85,-0.996733,2.82909,0,0
1.76543e+09,76,-1,2.85,-0.991606,2.8285,-0.00339538,0.0175219
1.76543e+09,76,-1,2.85,-0.996385,2.829,-0.000117047,0.0172864
1.76543e+09,76,-1,2.85,-0.994512,2.82866,-0.00130871,0.0174858
1.76543e+09,76,-1,2.85,-0.991531,2.82739,0,0
1.76543e+09,76,-1,2.85,-0.992663,2.82828,-0.00260475,0.0177228
1.76543e+09,76,-1,2.85,-0.993624,2.829,-0.00196532,0.0172454
1.76543e+09,76,-1,2.85,-0.995786,2.83023,-0.00052334,0.0164345
1.76543e+09,76,-1,2.85,-0.993945,2.82901,-0.0018259,0.0172414
1.76543e+09,76,-1,2.85,-0.996469,2.82891,0,0
1.76543e+09,76,-1,2.85,-0.993815,2.82717,-0.00207875,0.0184776
1.76543e+09,76,-1,2.85,-0.989932,2.82977,-0.0046599,0.016664
1.76543e+09,76,-1,2.85,-0.99734,2.82792,0,0
1.76543e+09,76,-1,2.85,-0.994168,2.82983,-0.00181896,0.0166815
1.76543e+09,76,-1,2.85,-0.994409,2.8233,-0.00178873,0.0211237
1.76543e+09,76,-1,2.85,-0.988951,2.82508,-0.00551735,0.019844
1.76543e+09,76,-1,2.85,-0.990566,2.82719,-0.00444908,0.018431
1.76543e+09,76,-1,2.85,-0.99785,2.82697,0,0
1.76543e+09,76,-1,2.85,-0.999832,2.82647,0.00159949,0.0190613
1.76543e+09,76,-1,2.85,-0.993723,2.83003,-0.00254962,0.0165072
1.76543e+09,76,-1,2.85,-0.995134,2.82788,0,0
1.76543e+09,76,-1,2.85,-0.999173,2.82911,0.00105928,0.0172526
1.76543e+09,76,-1,2.85,-1.00063,2.82913,0.00205667,0.0172757
1.76543e+09,76,-1,2.85,-1.00432,2.82863,0.00459725,0.0176951
1.76543e+09,76,-1,2.85,-1.00077,2.82791,0.00217704,0.0181013
1.76543e+09,76,-1,2.85,-1.00093,2.82779,0,0
1.76543e+09,76,-1,2.85,-0.995723,2.82757,-0.00122756,0.0182235
1.76543e+09,76,-1,2.85,-0.993513,2.83099,-0.00265384,0.0158583
1.76543e+09,76,-1,2.85,-0.995199,2.82953,-0.00149756,0.016886
1.76543e+09,76,-1,2.85,-0.995774,2.82676,-0.00107974,0.0187845
1.76543e+09,76,-1,2.85,-0.992215,2.82853,-0.00351588,0.0175417
1.76543e+09,76,-1,2.85,-0.998173,2.82914,0,0
1.76543e+09,76,-1,2.85,-0.99502,2.82742,-0.00182089,0.018313
1.76543e+09,76,-1,2.85,-0.995495,2.8292,-0.00135044,0.0171215
1.76543e+09,76,-1,2.85,-0.989561,2.83196,-0.00537552,0.0151808
1.76543e+09,76,-1,2.85,-0.99535,2.82985,0,0
1.76543e+09,76,-1,2.85,-0.99841,2.827,0.000495586,0.018651
1.76543e+09,76,-1,2.85,-0.995682,2.82756,-0.0013706,0.0182396
1.76543e+09,76,-1,2.85,-0.997712,2.82758,0,0
1.76543e+09,76,-1,2.85,-0.997217,2.82938,-0.000303189,0.0170193
1.76543e+09,76,-1,2.85,-0.998334,2.82871,0,0
1.76543e+09,76,-1,2.85,-0.992702,2.82789,0,0
1.76543e+09,76,-1,2.85,-0.99465,2.83049,-0.00212055,0.016235
1.76543e+09,76,-1,2.85,-0.991575,2.82885,-0.00427226,0.0173155
1.76543e+09,76,-1,2.85,-0.994308,2.82684,-0.00248013,0.0187078
1.76543e+09,76,-1,2.85,-0.988032,2.82732,-0.00682608,0.0183066
1.76543e+09,76,-1,2.85,-0.99454,2.829,-0.00245367,0.0172366
1.76543e+09,76,-1,2.85,-0.998103,2.82941,-0.000136625,0.0170064
1.76543e+09,76,-1,2.85,-0.992636,2.83127,-0.00387662,0.0156395
1.76543e+09,76,-1,2.85,-0.990373,2.83237,-0.00530325,0.0149049
1.76543e+09,76,-1,2.85,-0.996677,2.82718,-0.0011278,0.0185009
1.76543e+09,76,-1,2.85,-0.992461,2.82948,-0.00401214,0.016884
timestamp,index,target_posx,target_posy,current_posx,current_posy,Vx,Vy
1.76543e+09,1,-1,2.75,-0.99628,2.83238,-0.00787651,-0.296771
1.76543e+09,2,-1,2.7,-0.993599,2.83922,-0.0140252,-0.501509
1.76543e+09,3,-1,2.65,-0.992087,2.83693,-0.0164182,-0.673362
1.76543e+09,4,-1,2.6,-0.995781,2.83524,0.000259529,-0.847011
1.76543e+09,5,-1,2.55,-0.991511,2.82978,-0.0135383,-0.999908
1.76543e+09,6,-1,2.5,-0.989387,2.8266,-0.0173213,-0.99985
1.76543e+09,7,-1,2.45,-0.987777,2.8277,-0.0182852,-0.999833
1.76543e+09,8,-1,2.4,-0.988909,2.83058,-0.012257,-0.999925
1.76543e+09,9,-1,2.35,-0.98987,2.8299,-0.0076145,-0.999971
1.76543e+09,10,-1,2.3,-0.986711,2.8324,-0.0110456,-0.999939
1.76543e+09,11,-1,2.25,-0.990813,2.81157,-0.00238823,-0.999997
1.76543e+09,12,-1,2.2,-0.997783,2.77578,0.00539707,-0.999985
1.76543e+09,13,-1,2.15,-0.994726,2.73496,0.00214019,-0.999998
1.76543e+09,14,-1,2.1,-0.992342,2.67707,-0.00308788,-0.999995
1.76543e+09,15,-1,2.05,-0.990517,2.60393,-0.00373408,-0.999993
1.76543e+09,16,-1,2,-0.976558,2.5088,-0.0306436,-0.99953
1.76543e+09,17,-1,1.95,-0.97355,2.40358,-0.043828,-0.999039
1.76543e+09,18,-1,1.9,-0.971379,2.29745,-0.058809,-0.998269
1.76543e+09,19,-1,1.85,-0.977122,2.20371,-0.0512501,-0.998686
1.76543e+09,20,-1,1.8,-0.981311,2.10516,-0.0476838,-0.998863
1.76543e+09,21,-1,1.75,-0.990548,2.00188,-0.0208335,-0.907158
1.76543e+09,22,-1,1.7,-0.990643,1.90391,-0.0235875,-0.734473
1.76543e+09,23,-1,1.65,-0.98811,1.80938,-0.0333203,-0.574392
1.76543e+09,24,-1,1.6,-0.991432,1.71543,-0.0222641,-0.41608
1.76543e+09,25,-1,1.55,-0.988476,1.65416,-0.0343265,-0.375686
1.76543e+09,26,-1,1.5,-0.988409,1.60272,-0.0347709,-0.370498
1.76543e+09,27,-1,1.45,-0.987176,1.56379,-0.0373571,-0.41054
1.76543e+09,28,-1,1.4,-0.989437,1.52103,-0.0284596,-0.436447
1.76543e+09,29,-1,1.35,-0.991065,1.48585,-0.0204814,-0.489684
1.76543e+09,30,-1,1.3,-0.987554,1.44913,-0.0317581,-0.537804
1.76543e+09,31,-1,1.25,-0.995467,1.39771,-0.00351059,-0.531997
1.76543e+09,32,-1,1.2,-0.997371,1.3511,0.00573871,-0.543996
1.76543e+09,33,-1,1.15,-0.999073,1.29362,0.0114907,-0.516932
1.76543e+09,34,-1,1.1,-1.00514,1.24377,0.0338501,-0.516805
1.76543e+09,35,-1,1.05,-1.00189,1.18634,0.0211602,-0.49043
1.76543e+09,36,-1,1,-0.997487,1.14298,0.00622355,-0.514785
1.76543e+09,37,-1,0.95,-0.996216,1.09425,0.00270849,-0.519458
1.76543e+09,38,-1,0.9,-0.997419,1.04154,0.00631415,-0.509601
1.76543e+09,39,-1,0.85,-0.990766,0.990883,-0.0172326,-0.507974
1.76543e+09,40,-1,0.8,-0.990079,0.931026,-0.0209624,-0.472579
1.76543e+09,41,-1,0.75,-0.995913,0.87373,-0.000967774,-0.445668
1.76543e+09,42,-1,0.7,-0.992277,0.827858,-0.0137135,-0.460925
1.76543e+09,43,-1,0.65,-0.99426,0.784111,-0.0061926,-0.483202
1.76543e+09,44,-1,0.6,-0.998674,0.75941,0.00612263,-0.573862
1.76543e+09,45,-1,0.55,-0.991067,0.759901,-0.0220583,-0.756004
1.76543e+09,46,-1,0.5,-0.995859,0.764883,-0.00255425,-0.953692
1.76543e+09,47,-1,0.45,-0.997238,0.770231,0.00498496,-0.999988
1.76543e+09,48,-1,0.4,-0.992774,0.76896,-0.0055389,-0.999985
1.76543e+09,49,-1,0.35,-0.996386,0.771877,0.00560115,-0.999984
1.76543e+09,50,-1,0.3,-0.996658,0.769036,0.00682436,-0.999977
1.76543e+09,51,-1,0.25,-0.99258,0.767347,-0.000595192,-1
1.76543e+09,52,-1,0.2,-0.991426,0.740802,-0.00554418,-0.999985
1.76543e+09,53,-1,0.15,-0.993549,0.707688,-0.00319073,-0.999995
1.76543e+09,54,-1,0.1,-0.996794,0.704042,-0.00349862,-0.999994
1.76543e+09,55,-1,0.0500001,-0.997097,0.709827,0.00118159,-0.999999
1.76543e+09,56,-1,8.86619e-08,-0.999098,0.700795,0.00403834,-0.999992
1.76543e+09,57,-1,-0.0499999,-0.997066,0.695955,0.000835306,-1
1.76543e+09,58,-1,-0.0999999,-0.996003,0.701656,1.40386e-05,-1
1.76543e+09,59,-1,-0.15,-0.995907,0.700524,0.00155813,-0.999999
1.76543e+09,60,-1,-0.2,-0.993964,0.705088,0.00494592,-0.999988
1.76543e+09,61,-1,-0.25,-0.988698,0.702868,-0.00203907,-0.999998
1.76543e+09,62,-1,-0.3,-0.98996,0.701814,0.000211853,-1
1.76543e+09,63,-1,-0.35,-0.994341,0.699804,0.00488578,-0.999988
1.76543e+09,64,-1,-0.4,-0.993611,0.700088,0.00397417,-0.999992
1.76543e+09,65,-1,-0.45,-0.9969,0.703164,0.00677755,-0.999977
1.76543e+09,66,-1,-0.5,-0.992138,0.702065,0.00302533,-0.999995
1.76543e+09,67,-1,-0.55,-0.99065,0.703974,0.00106526,-0.999999
1.76543e+09,68,-1,-0.6,-0.996141,0.686759,0.00563859,-0.999984
1.76543e+09,69,-1,-0.65,-0.996083,0.656946,0.0054174,-0.999985
1.76543e+09,70,-1,-0.7,-0.998864,0.601219,0.00744005,-0.999972
1.76543e+09,75,-1,-0.75,-0.988783,0.538003,-0.00233018,-0.878891
1.76543e+09,75,-1,-0.8,-0.987502,0.450862,-0.00420248,-0.85364
1.76543e+09,75,-1,-0.85,-0.975337,0.352845,-0.0161386,-0.820993
1.76543e+09,75,-1,-0.9,-0.972852,0.269658,-0.015098,-0.798494
1.76543e+09,75,-1,-0.95,-0.963938,0.177831,-0.0208337,-0.770117
1.76543e+09,75,-1,-0.95,-0.969543,0.0982861,-0.0175968,-0.716
1.76543e+09,75,-1,-0.95,-0.971198,0.0244852,-0.0179896,-0.665785
1.76543e+09,75,-1,-0.95,-0.964263,-0.0462529,-0.0240788,-0.617682
1.76543e+09,75,-1,-0.95,-0.963214,-0.113023,-0.0268845,-0.572199
1.76543e+09,75,-1,-0.95,-0.965908,-0.172682,-0.0236347,-0.531696
1.76543e+09,75,-1,-0.95,-0.968398,-0.234767,-0.0225325,-0.489453
1.76543e+09,75,-1,-0.95,-0.966145,-0.287558,-0.0238992,-0.453577
1.76543e+09,75,-1,-0.95,-0.968601,-0.33502,-0.0223347,-0.421298
1.76543e+09,75,-1,-0.95,-0.970086,-0.388056,-0.0212217,-0.385244
1.76543e+09,75,-1,-0.95,-0.970873,-0.438197,-0.0208605,-0.351147
1.76543e+09,75,-1,-0.95,-0.976753,-0.474316,-0.0169737,-0.326566
1.76543e+09,75,-1,-0.95,-0.978038,-0.511382,-0.0159445,-0.301372
1.76543e+09,75,-1,-0.95,-0.974932,-0.549996,-0.017952,-0.275148
1.76543e+09,75,-1,-0.95,-0.973884,-0.580364,-0.0189478,-0.254494
1.76543e+09,75,-1,-0.95,-0.973328,-0.600699,-0.0192708,-0.240681
1.76543e+09,75,-1,-0.95,-0.979919,-0.634138,-0.0151456,-0.217897
1.76543e+09,75,-1,-0.95,-0.980752,-0.65545,-0.0146983,-0.203399
1.76543e+09,75,-1,-0.95,-0.982112,-0.674759,-0.0139458,-0.190257
1.76543e+09,75,-1,-0.95,-0.97449,-0.699383,-0.0193083,-0.173538
1.76543e+09,75,-1,-0.95,-0.975258,-0.716753,-0.0185975,-0.161754
1.76543e+09,75,-1,-0.95,-0.975079,-0.744435,-0.0190361,-0.142908
1.76543e+09,75,-1,-0.95,-0.982567,-0.757701,-0.0137738,-0.133879
1.76543e+09,75,-1,-0.95,-0.986577,-0.772726,-0.0112288,-0.123631
1.76543e+09,75,-1,-0.95,-0.990704,-0.784393,-0.00848471,-0.115677
1.76543e+09,75,-1,-0.95,-0.992608,-0.791446,-0.00719273,-0.110874
1.76543e+09,75,-1,-0.95,-0.9898,-0.801415,-0.00912673,-0.104112
1.76543e+09,75,-1,-0.95,-0.987946,-0.821311,-0.010587,-0.0905818
1.76543e+09,75,-1,-0.95,-0.992706,-0.826449,-0.00731759,-0.0870707
1.76543e+09,75,-1,-0.95,-0.982544,-0.834041,-0.0143304,-0.0819482
1.76543e+09,75,-1,-0.95,-0.981854,-0.85172,-0.0148846,-0.0699284
1.76543e+09,75,-1,-0.95,-0.983209,-0.857184,-0.0139974,-0.0662052
1.76543e+09,75,-1,-0.95,-0.987132,-0.861201,-0.0113319,-0.0634591
1.76543e+09,75,-1,-0.95,-0.988422,-0.869617,-0.0104661,-0.0577354
1.76543e+09,75,-1,-0.95,-0.991426,-0.878972,-0.00846741,-0.0513603
1.76543e+09,75,-1,-0.95,-0.993564,-0.88639,-0.00700864,-0.0463118
1.76543e+09,75,-1,-0.95,-0.987131,-0.886453,-0.0114102,-0.0462974
1.76543e+09,75,-1,-0.95,-0.990205,-0.887683,-0.00932733,-0.0454455
1.76543e+09,75,-1,-0.95,-0.992538,-0.897666,-0.00779574,-0.0386442
1.76543e+09,75,-1,-0.95,-0.995336,-0.899764,-0.00594486,-0.0371973
1.76543e+09,75,-1,-0.95,-0.994638,-0.901644,-0.00637042,-0.0359321
1.76543e+09,75,-1,-0.95,-0.996387,-0.908072,-0.00520785,-0.0315532
1.76543e+09,75,-1,-0.95,-0.996109,-0.907942,-0.0053913,-0.0316435
1.76543e+09,75,-1,-0.95,-0.998993,-0.918691,-0.00348981,-0.0243188
1.76543e+09,75,-1,-0.95,-0.994693,-0.915698,-0.00642774,-0.0263699
1.76543e+09,75,-1,-0.95,-0.992685,-0.917346,-0.00778006,-0.0252652
1.76543e+09,75,-1,-0.95,-0.998598,-0.923983,-0.0038187,-0.0207166
1.76543e+09,75,-1,-0.95,-1.00186,-0.924409,-0.0015883,-0.0204133
1.76543e+09,75,-1,-0.95,-0.999727,-0.927122,-0.00304908,-0.0185781
1.76543e+09,75,-1,-0.95,-0.999189,-0.927995,-0.00340819,-0.0179899
